date,equity,qx,qy,gross,net
2016-01-04,100000.0,0,0,0.0,0.0
2016-01-05,99981.21109675255,-566,452,19958.4001121521,-893.0399742126465
2016-01-06,100071.55722009728,-566,452,19450.49927520752,-800.9800338745117
2016-01-07,100278.5729479503,-566,452,18798.85924911499,-592.2998008728009
2016-01-08,100377.79908508605,-566,452,18616.679180145264,-491.4798698425293
2016-01-11,100171.80740533647,-566,452,18573.880569458008,-692.7599487304688
2016-01-12,100131.70318162674,-566,452,18648.56033706665,-731.2806129455566
2016-01-13,100101.03072432856,-566,452,18279.87944793701,-760.3602066040039
2016-01-14,100014.36555721222,-566,452,18590.979663848877,-845.4604225158691
2016-01-15,100235.16815374079,-566,452,17771.93968963623,-623.0603103637695
2016-01-19,99972.22086245175,-566,452,17956.51937866211,-879.95993041992
2016-01-20,99878.34103994748,0,0,0.0,0.0
2016-01-21,99858.63075605557,-616,495,19939.14976501465,-881.6497650146484
2016-01-22,100042.15989974006,-616,495,20506.309549331665,-696.4093227386475
2016-01-25,99940.9005992391,-616,495,20077.640102386475,-792.4405555725098
2016-01-26,100001.99572263233,-616,495,20559.33076286316,-729.6300830841064
2016-01-27,100132.13566976,-616,495,20457.13982963562,-597.7403583526611
2016-01-28,100177.0461781864,-616,495,20885.700218200684,-551.0993118286133
2016-01-29,100210.59386173208,-616,495,21216.68954849243,-515.7896995544434
2016-02-01,100137.25455641771,-616,495,21185.66978263855,-583.7703113555908
2016-02-02,100227.97484509289,-616,495,20588.259998321533,-491.2607536315918
2016-02-03,100375.40261156214,-616,495,21033.100046157837,-342.1004238128662
2016-02-04,100346.7466559067,0,0,0.0,0.0
2016-02-05,100346.7466559067,0,0,0.0,0.0
2016-02-08,100346.7466559067,0,0,0.0,0.0
2016-02-09,100346.7466559067,0,0,0.0,0.0
2016-02-10,100346.7466559067,0,0,0.0,0.0
2016-02-11,100346.7466559067,0,0,0.0,0.0
2016-02-12,100346.7466559067,0,0,0.0,0.0
2016-02-16,100346.7466559067,0,0,0.0,0.0
2016-02-17,100346.7466559067,0,0,0.0,0.0
2016-02-18,100346.7466559067,0,0,0.0,0.0
2016-02-19,100346.7466559067,0,0,0.0,0.0
2016-02-22,100346.7466559067,0,0,0.0,0.0
2016-02-23,100346.7466559067,0,0,0.0,0.0
2016-02-24,100346.7466559067,0,0,0.0,0.0
2016-02-25,100346.7466559067,0,0,0.0,0.0
2016-02-26,100346.7466559067,0,0,0.0,0.0
2016-02-29,100346.7466559067,0,0,0.0,0.0
2016-03-01,100346.7466559067,0,0,0.0,0.0
2016-03-02,100346.7466559067,0,0,0.0,0.0
2016-03-03,100346.7466559067,0,0,0.0,0.0
2016-03-04,100346.7466559067,0,0,0.0,0.0
2016-03-07,100346.7466559067,0,0,0.0,0.0
2016-03-08,100346.7466559067,0,0,0.0,0.0
2016-03-09,100346.7466559067,0,0,0.0,0.0
2016-03-10,100346.7466559067,0,0,0.0,0.0
2016-03-11,100346.7466559067,0,0,0.0,0.0
2016-03-14,100346.7466559067,0,0,0.0,0.0
2016-03-15,100346.7466559067,0,0,0.0,0.0
2016-03-16,100346.7466559067,0,0,0.0,0.0
2016-03-17,100346.7466559067,0,0,0.0,0.0
2016-03-18,100346.7466559067,0,0,0.0,0.0
2016-03-21,100346.7466559067,0,0,0.0,0.0
2016-03-22,100346.7466559067,0,0,0.0,0.0
2016-03-23,100346.7466559067,0,0,0.0,0.0
2016-03-24,100346.7466559067,0,0,0.0,0.0
2016-03-28,100346.7466559067,0,0,0.0,0.0
2016-03-29,100346.7466559067,0,0,0.0,0.0
2016-03-30,100346.7466559067,0,0,0.0,0.0
2016-03-31,100346.7466559067,0,0,0.0,0.0
2016-04-01,100346.7466559067,0,0,0.0,0.0
2016-04-04,100346.7466559067,0,0,0.0,0.0
2016-04-05,100346.7466559067,0,0,0.0,0.0
2016-04-06,100328.514854332,530,-432,20020.95989227295,-92.96070098876953
2016-04-07,100232.4820777424,530,-432,19701.940116882324,-187.34027862548828
2016-04-08,100124.18782317187,530,-432,20010.000202178955,-293.9997978210449
2016-04-11,100029.44177535668,530,-432,20110.34002685547,-383.7393798828143
2016-04-12,100093.23669677642,530,-432,20659.660579681396,-318.26001358032227
2016-04-13,100207.3127389467,530,-432,20861.8595161438,-202.45975875854492
2016-04-14,100337.5015986787,530,-432,20941.9401512146,-70.53958511352539
2016-04-15,100471.03378474647,530,-432,21008.079456329346,64.71965408325195
2016-04-18,100507.64924016404,530,-432,21231.299884796143,106.49922561645508
2016-04-19,100441.25421036634,530,-432,21624.56008529663,41.84048080444336
2016-04-20,100370.65007570249,0,0,0.0,0.0
2016-04-21,100370.65007570249,0,0,0.0,0.0
2016-04-22,100370.65007570249,0,0,0.0,0.0
2016-04-25,100370.65007570249,0,0,0.0,0.0
2016-04-26,100370.65007570249,0,0,0.0,0.0
2016-04-27,100370.65007570249,0,0,0.0,0.0
2016-04-28,100353.05311669389,495,-403,20015.430507659912,-344.12967681884766
2016-04-29,100324.65970979874,495,-403,20101.549997329712,-370.8496952056885
2016-05-02,100454.31137827365,495,-403,20115.349962234497,-236.15003776550293
2016-05-03,100578.74899045732,495,-403,19741.739624023438,-110.03969955444336
2016-05-04,100613.07732500261,495,-403,19398.880165100098,-74.0797119140625
2016-05-05,100610.55678669532,495,-403,19389.89995956421,-74.9997329711914
2016-05-06,100577.0662020219,495,-403,19382.189783096313,-106.89046287536621
2016-05-09,100675.90186114641,495,-403,19179.550107955933,-3.249277114868164
2016-05-10,100709.85418440303,495,-403,19569.71953010559,32.279714584350586
2016-05-11,100633.2983647616,495,-403,19575.369834899902,-42.6702880859375
2016-05-12,100561.33039570364,0,0,0.0,0.0
2016-05-13,100561.33039570364,0,0,0.0,0.0
2016-05-16,100561.33039570364,0,0,0.0,0.0
2016-05-17,100561.33039570364,0,0,0.0,0.0
2016-05-18,100561.33039570364,0,0,0.0,0.0
2016-05-19,100561.33039570364,0,0,0.0,0.0
2016-05-20,100561.33039570364,0,0,0.0,0.0
2016-05-23,100561.33039570364,0,0,0.0,0.0
2016-05-24,100561.33039570364,0,0,0.0,0.0
2016-05-25,100561.33039570364,0,0,0.0,0.0
2016-05-26,100543.52599809828,506,-411,20061.389541625977,-266.67008209228516
2016-05-27,100551.97543030557,506,-411,20071.509773254395,-256.5498504638672
2016-05-31,100582.26265727315,506,-411,19902.980197906494,-219.57942581176758
2016-06-01,100540.76783639775,506,-411,19912.460414886475,-259.42033767700195
2016-06-02,100434.4401920471,506,-411,19865.33048248291,-364.0900192260724
2016-06-03,100439.15752390737,506,-411,20233.389377593994,-357.7099952697736
2016-06-06,100405.66082148992,506,-411,20484.4500579834,-386.1294403076208
2016-06-07,100398.28475825269,506,-411,20692.509572982788,-391.7901134490967
2016-06-08,100454.11215443951,506,-411,20766.510301589966,-334.2297611236572
2016-06-09,100398.90795072058,506,-411,20556.859966278076,-387.69965744018555
2016-06-10,100303.10585874821,0,0,0.0,0.0
2016-06-13,100285.29666482033,508,-411,20012.899843215942,-454.8998432159424
2016-06-14,100328.77421573002,508,-411,19795.019929885864,-409.7400074005127
2016-06-15,100365.07363544486,508,-411,19767.22007751465,-371.77992248535156
2016-06-16,100341.61903015441,508,-411,19646.780042648315,-393.57926750183105
2016-06-17,100339.05148625163,508,-411,19810.260278701782,-394.49965858459655
2016-06-20,100438.16919539309,508,-411,20193.84010887146,-290.3999538421631
2016-06-21,100499.38506102409,508,-411,20273.179986953735,-227.50045204162598
2016-06-22,100539.38221732854,508,-411,20016.82937812805,-245.470308303833
2016-06-23,100647.63744470572,508,-411,20455.549686431885,-135.54968643188477
2016-06-24,100453.7351601054,0,0,0.0,0.0
2016-06-27,100453.7351601054,0,0,0.0,0.0
2016-06-28,100453.7351601054,0,0,0.0,0.0
2016-06-29,100453.7351601054,0,0,0.0,0.0
2016-06-30,100453.7351601054,0,0,0.0,0.0
2016-07-01,100453.7351601054,0,0,0.0,0.0
2016-07-05,100453.7351601054,0,0,0.0,0.0
2016-07-06,100453.7351601054,0,0,0.0,0.0
2016-07-07,100453.7351601054,0,0,0.0,0.0
2016-07-08,100453.7351601054,0,0,0.0,0.0
2016-07-11,100453.7351601054,0,0,0.0,0.0
2016-07-12,100453.7351601054,0,0,0.0,0.0
2016-07-13,100453.7351601054,0,0,0.0,0.0
2016-07-14,100453.7351601054,0,0,0.0,0.0
2016-07-15,100453.7351601054,0,0,0.0,0.0
2016-07-18,100453.7351601054,0,0,0.0,0.0
2016-07-19,100453.7351601054,0,0,0.0,0.0
2016-07-20,100453.7351601054,0,0,0.0,0.0
2016-07-21,100453.7351601054,0,0,0.0,0.0
2016-07-22,100453.7351601054,0,0,0.0,0.0
2016-07-25,100453.7351601054,0,0,0.0,0.0
2016-07-26,100453.7351601054,0,0,0.0,0.0
2016-07-27,100453.7351601054,0,0,0.0,0.0
2016-07-28,100453.7351601054,0,0,0.0,0.0
2016-07-29,100453.7351601054,0,0,0.0,0.0
2016-08-01,100436.21097329166,-493,396,20057.66004562378,-313.09980392456055
2016-08-02,100432.51661802879,-493,396,20035.919548034668,-315.1198501586932
2016-08-03,100549.48419437019,-493,396,20075.679887771606,-196.479585647583
2016-08-04,100510.39731801895,-493,396,20136.859592437744,-233.9002571105957
2016-08-05,100426.85377109043,-493,396,20202.889978408813,-315.7694950103778
2016-08-08,100454.6838027889,-493,396,20344.240007400513,-282.8800678253174
2016-08-09,100458.15797109136,-493,396,20457.87015724182,-277.7105197906494
2016-08-10,100471.32401713643,-493,396,20482.6007232666,-262.8401794433594
2016-08-11,100554.87878293387,-493,396,20627.020067214966,-177.58030891418457
2016-08-12,100635.84864251612,-493,396,20473.060119628906,-94.90048217773256
2016-08-15,100595.49595675268,0,0,0.0,0.0
2016-08-16,100595.49595675268,0,0,0.0,0.0
2016-08-17,100595.49595675268,0,0,0.0,0.0
2016-08-18,100595.49595675268,0,0,0.0,0.0
2016-08-19,100595.49595675268,0,0,0.0,0.0
2016-08-22,100595.49595675268,0,0,0.0,0.0
2016-08-23,100595.49595675268,0,0,0.0,0.0
2016-08-24,100595.49595675268,0,0,0.0,0.0
2016-08-25,100595.49595675268,0,0,0.0,0.0
2016-08-26,100595.49595675268,0,0,0.0,0.0
2016-08-29,100595.49595675268,0,0,0.0,0.0
2016-08-30,100595.49595675268,0,0,0.0,0.0
2016-08-31,100595.49595675268,0,0,0.0,0.0
2016-09-01,100595.49595675268,0,0,0.0,0.0
2016-09-02,100595.49595675268,0,0,0.0,0.0
2016-09-06,100595.49595675268,0,0,0.0,0.0
2016-09-07,100595.49595675268,0,0,0.0,0.0
2016-09-08,100595.49595675268,0,0,0.0,0.0
2016-09-09,100595.49595675268,0,0,0.0,0.0
2016-09-12,100595.49595675268,0,0,0.0,0.0
2016-09-13,100595.49595675268,0,0,0.0,0.0
2016-09-14,100595.49595675268,0,0,0.0,0.0
2016-09-15,100595.49595675268,0,0,0.0,0.0
2016-09-16,100595.49595675268,0,0,0.0,0.0
2016-09-19,100595.49595675268,0,0,0.0,0.0
2016-09-20,100595.49595675268,0,0,0.0,0.0
2016-09-21,100595.49595675268,0,0,0.0,0.0
2016-09-22,100595.49595675268,0,0,0.0,0.0
2016-09-23,100595.49595675268,0,0,0.0,0.0
2016-09-26,100595.49595675268,0,0,0.0,0.0
2016-09-27,100595.49595675268,0,0,0.0,0.0
2016-09-28,100578.13908440703,-483,388,20097.17989730835,-169.49966049194336
2016-09-29,100665.2333377811,-483,388,19954.10012626648,-80.73965263366881
2016-09-30,100617.34668271909,-483,388,20062.420022964478,-126.9796085357666
2016-10-03,100573.6475883603,-483,388,20062.340021133423,-165.70049476623353
2016-10-04,100490.18499519191,-483,388,19825.980154037476,-247.50050926208496
2016-10-05,100515.93610960137,-483,388,19969.30011177063,-220.09951972961426
2016-10-06,100470.64644833175,-483,388,19935.330074310303,-263.7297782897949
2016-10-07,100426.14582995491,-483,388,19815.209726333618,-306.57019996642885
2016-10-10,100448.66454649082,-483,388,19997.24983024597,-279.0899486541748
2016-10-11,100566.4776065516,-483,388,19730.329807281494,-159.6103401184082
2016-10-12,100499.39833018775,0,0,0.0,0.0
2016-10-13,100499.39833018775,0,0,0.0,0.0
2016-10-14,100499.39833018775,0,0,0.0,0.0
2016-10-17,100499.39833018775,0,0,0.0,0.0
2016-10-18,100499.39833018775,0,0,0.0,0.0
2016-10-19,100499.39833018775,0,0,0.0,0.0
2016-10-20,100499.39833018775,0,0,0.0,0.0
2016-10-21,100499.39833018775,0,0,0.0,0.0
2016-10-24,100499.39833018775,0,0,0.0,0.0
2016-10-25,100499.39833018775,0,0,0.0,0.0
2016-10-26,100499.39833018775,0,0,0.0,0.0
2016-10-27,100499.39833018775,0,0,0.0,0.0
2016-10-28,100499.39833018775,0,0,0.0,0.0
2016-10-31,100499.39833018775,0,0,0.0,0.0
2016-11-01,100499.39833018775,0,0,0.0,0.0
2016-11-02,100499.39833018775,0,0,0.0,0.0
2016-11-03,100499.39833018775,0,0,0.0,0.0
2016-11-04,100499.39833018775,0,0,0.0,0.0
2016-11-07,100499.39833018775,0,0,0.0,0.0
2016-11-08,100499.39833018775,0,0,0.0,0.0
2016-11-09,100499.39833018775,0,0,0.0,0.0
2016-11-10,100499.39833018775,0,0,0.0,0.0
2016-11-11,100499.39833018775,0,0,0.0,0.0
2016-11-14,100499.39833018775,0,0,0.0,0.0
2016-11-15,100499.39833018775,0,0,0.0,0.0
2016-11-16,100499.39833018775,0,0,0.0,0.0
2016-11-17,100499.39833018775,0,0,0.0,0.0
2016-11-18,100499.39833018775,0,0,0.0,0.0
2016-11-21,100499.39833018775,0,0,0.0,0.0
2016-11-22,100482.00408745528,485,-391,20061.879858016968,-254.47978401184082
2016-11-23,100592.0342103851,485,-391,20134.48041534424,-142.77982330322448
2016-11-25,100714.95107656761,485,-391,20221.629634857178,-16.529708862304688
2016-11-28,100645.90061857319,0,0,0.0,0.0
2016-11-29,100645.90061857319,0,0,0.0,0.0
2016-11-30,100645.90061857319,0,0,0.0,0.0
2016-12-01,100645.90061857319,0,0,0.0,0.0
2016-12-02,100645.90061857319,0,0,0.0,0.0
2016-12-05,100645.90061857319,0,0,0.0,0.0
2016-12-06,100645.90061857319,0,0,0.0,0.0
2016-12-07,100645.90061857319,0,0,0.0,0.0
2016-12-08,100645.90061857319,0,0,0.0,0.0
2016-12-09,100645.90061857319,0,0,0.0,0.0
2016-12-12,100645.90061857319,0,0,0.0,0.0
2016-12-13,100645.90061857319,0,0,0.0,0.0
2016-12-14,100645.90061857319,0,0,0.0,0.0
2016-12-15,100645.90061857319,0,0,0.0,0.0
2016-12-16,100645.90061857319,0,0,0.0,0.0
2016-12-19,100628.60417194653,480,-386,20060.240535736084,-351.4398765563965
2016-12-20,100668.88618586317,480,-386,20210.279750823975,-309.4801902770996
2016-12-21,100668.96226150768,480,-386,19838.199851989746,-465.3995590209961
2016-12-22,100711.63375114049,480,-386,19813.060012817383,-421.0592803955078
2016-12-23,100692.00970482483,480,-386,19687.01951599121,-439.02024841308594
2016-12-27,100728.5929978705,480,-386,19730.2195892334,-395.8201751708966
2016-12-28,100784.63847170564,480,-386,19749.319847106934,-338.1205062866211
2016-12-29,100801.88752321596,480,-386,19884.01962661743,-319.22043228149414
2016-12-30,100735.9473427394,480,-386,19804.299633026123,-383.50007247924805
2017-01-03,100844.21069812078,480,-386,20034.99977874756,-268.5996322631836
2017-01-04,100780.10947679625,0,0,0.0,0.0
2017-01-05,100780.10947679625,0,0,0.0,0.0
2017-01-06,100780.10947679625,0,0,0.0,0.0
2017-01-09,100780.10947679625,0,0,0.0,0.0
2017-01-10,100780.10947679625,0,0,0.0,0.0
2017-01-11,100780.10947679625,0,0,0.0,0.0
2017-01-12,100780.10947679625,0,0,0.0,0.0
2017-01-13,100780.10947679625,0,0,0.0,0.0
2017-01-17,100780.10947679625,0,0,0.0,0.0
2017-01-18,100780.10947679625,0,0,0.0,0.0
2017-01-19,100780.10947679625,0,0,0.0,0.0
2017-01-20,100780.10947679625,0,0,0.0,0.0
2017-01-23,100780.10947679625,0,0,0.0,0.0
2017-01-24,100780.10947679625,0,0,0.0,0.0
2017-01-25,100780.10947679625,0,0,0.0,0.0
2017-01-26,100780.10947679625,0,0,0.0,0.0
2017-01-27,100780.10947679625,0,0,0.0,0.0
2017-01-30,100780.10947679625,0,0,0.0,0.0
2017-01-31,100780.10947679625,0,0,0.0,0.0
2017-02-01,100780.10947679625,0,0,0.0,0.0
2017-02-02,100780.10947679625,0,0,0.0,0.0
2017-02-03,100780.10947679625,0,0,0.0,0.0
2017-02-06,100780.10947679625,0,0,0.0,0.0
2017-02-07,100780.10947679625,0,0,0.0,0.0
2017-02-08,100780.10947679625,0,0,0.0,0.0
2017-02-09,100780.10947679625,0,0,0.0,0.0
2017-02-10,100780.10947679625,0,0,0.0,0.0
2017-02-13,100780.10947679625,0,0,0.0,0.0
2017-02-14,100780.10947679625,0,0,0.0,0.0
2017-02-15,100780.10947679625,0,0,0.0,0.0
2017-02-16,100780.10947679625,0,0,0.0,0.0
2017-02-17,100780.10947679625,0,0,0.0,0.0
2017-02-21,100780.10947679625,0,0,0.0,0.0
2017-02-22,100780.10947679625,0,0,0.0,0.0
2017-02-23,100763.28274536529,-456,360,20136.72052001953,-264.7202453613281
2017-02-24,100757.04594757644,-456,360,19867.679718017578,-269.28021240234375
2017-02-27,100743.2011531838,-456,360,19840.559783935547,-278.15972900390625
2017-02-28,100618.90713316343,-456,360,19617.600540161133,-400.80015563964844
2017-03-01,100571.66129077628,-456,360,19800.000045776367,-446.40065002441406
2017-03-02,100611.99761503516,-456,360,19614.000457763672,-404.4002380371094
2017-03-03,100654.27276874175,-456,360,19685.279846191406,-360.479736328125
2017-03-06,100691.08937812176,-456,360,19672.319732666016,-318.7203369140625
2017-03-07,100630.40648401609,-456,360,19695.360076904297,-377.7601318359375
2017-03-08,100578.3564920351,-456,360,19508.160278320312,-428.1602783203107
2017-03-09,100560.18222623419,0,0,0.0,0.0
2017-03-10,100543.18976029639,-466,369,20064.869897842407,-485.72939109802246
2017-03-13,100553.47143294917,-466,369,20145.460334777832,-470.3804473876953
2017-03-14,100496.21763503678,-466,369,19950.09956741333,-525.9397926330566
2017-03-15,100373.22478405788,-466,369,20462.549962997437,-647.2496814727783
2017-03-16,100472.06936765242,-466,369,20376.73066520691,-546.6700458526611
2017-03-17,100392.66945076914,-466,369,20336.329555511475,-624.3502311706543
2017-03-20,100331.961200386,-466,369,20318.070545196533,-679.8900947570819
2017-03-21,100363.995558274,-466,369,20062.909482955933,-646.1298770904541
2017-03-22,100477.25289140324,-466,369,20066.0299243927,-531.170431137085
2017-03-23,100549.74007603542,-466,369,20065.650100708008,-456.9903259277344
2017-03-24,100446.40813708777,0,0,0.0,0.0
2017-03-27,100429.47810454802,-462,368,20038.700344085693,-446.3797264099121
2017-03-28,100357.2342034139,-462,368,20263.81986618042,-516.9399223327637
2017-03-29,100312.68645500687,-462,368,20461.220336914062,-559.7796630859375
2017-03-30,100238.21773860004,-462,368,20416.200008392334,-632.5206260681152
2017-03-31,100315.02774201488,-462,368,20337.65997314453,-553.9805908203107
2017-04-03,100305.41679912037,-462,368,20268.52067565918,-558.4401702880859
2017-04-04,100368.22506705635,-462,368,20277.599479675293,-493.9200973510742
2017-04-05,100339.89773220202,-462,368,20223.26052093506,-520.5401840209961
2017-04-06,100403.57285490191,-462,368,20260.91997909546,-455.1600914001465
2017-04-07,100437.97081036192,-462,368,20195.38006210327,-419.05944442749023
2017-04-10,100463.54250471985,0,0,0.0,0.0
2017-04-11,100463.54250471985,0,0,0.0,0.0
2017-04-12,100463.54250471985,0,0,0.0,0.0
2017-04-13,100463.54250471985,0,0,0.0,0.0
2017-04-17,100463.54250471985,0,0,0.0,0.0
2017-04-18,100463.54250471985,0,0,0.0,0.0
2017-04-19,100463.54250471985,0,0,0.0,0.0
2017-04-20,100463.54250471985,0,0,0.0,0.0
2017-04-21,100463.54250471985,0,0,0.0,0.0
2017-04-24,100463.54250471985,0,0,0.0,0.0
2017-04-25,100463.54250471985,0,0,0.0,0.0
2017-04-26,100463.54250471985,0,0,0.0,0.0
2017-04-27,100463.54250471985,0,0,0.0,0.0
2017-04-28,100446.62382047928,-459,370,20025.33966445923,-592.9394950866699
2017-05-01,100325.7589621866,-459,370,20111.519886016846,-708.7203941345215
2017-05-02,100333.22791967436,-459,370,20102.33967590332,-699.5401840209961
2017-05-03,100527.71811966671,-459,370,19839.5396194458,-503.3402404785156
2017-05-04,100481.08614502117,-459,370,19647.69980239868,-548.3001976013184
2017-05-05,100611.12656106752,-459,370,19871.20051383972,-416.5998363494873
2017-05-08,100681.48423340979,-459,370,19818.03946685791,-341.2396926879883
2017-05-09,100733.45644339477,-459,370,19623.80993461609,-287.6105556488037
2017-05-10,100716.61579767051,0,0,0.0,0.0
2017-05-11,100716.61579767051,0,0,0.0,0.0
2017-05-12,100716.61579767051,0,0,0.0,0.0
2017-05-15,100716.61579767051,0,0,0.0,0.0
2017-05-16,100716.61579767051,0,0,0.0,0.0
2017-05-17,100716.61579767051,0,0,0.0,0.0
2017-05-18,100716.61579767051,0,0,0.0,0.0
2017-05-19,100716.61579767051,0,0,0.0,0.0
2017-05-22,100716.61579767051,0,0,0.0,0.0
2017-05-23,100716.61579767051,0,0,0.0,0.0
2017-05-24,100716.61579767051,0,0,0.0,0.0
2017-05-25,100716.61579767051,0,0,0.0,0.0
2017-05-26,100716.61579767051,0,0,0.0,0.0
2017-05-30,100716.61579767051,0,0,0.0,0.0
2017-05-31,100716.61579767051,0,0,0.0,0.0
2017-06-01,100716.61579767051,0,0,0.0,0.0
2017-06-02,100716.61579767051,0,0,0.0,0.0
2017-06-05,100716.61579767051,0,0,0.0,0.0
2017-06-06,100716.61579767051,0,0,0.0,0.0
2017-06-07,100716.61579767051,0,0,0.0,0.0
2017-06-08,100716.61579767051,0,0,0.0,0.0
2017-06-09,100716.61579767051,0,0,0.0,0.0
2017-06-12,100716.61579767051,0,0,0.0,0.0
2017-06-13,100716.61579767051,0,0,0.0,0.0
2017-06-14,100716.61579767051,0,0,0.0,0.0
2017-06-15,100716.61579767051,0,0,0.0,0.0
2017-06-16,100716.61579767051,0,0,0.0,0.0
2017-06-19,100716.61579767051,0,0,0.0,0.0
2017-06-20,100716.61579767051,0,0,0.0,0.0
2017-06-21,100716.61579767051,0,0,0.0,0.0
2017-06-22,100716.61579767051,0,0,0.0,0.0
2017-06-23,100716.61579767051,0,0,0.0,0.0
2017-06-26,100716.61579767051,0,0,0.0,0.0
2017-06-27,100716.61579767051,0,0,0.0,0.0
2017-06-28,100716.61579767051,0,0,0.0,0.0
2017-06-29,100716.61579767051,0,0,0.0,0.0
2017-06-30,100716.61579767051,0,0,0.0,0.0
2017-07-03,100716.61579767051,0,0,0.0,0.0
2017-07-05,100716.61579767051,0,0,0.0,0.0
2017-07-06,100716.61579767051,0,0,0.0,0.0
2017-07-07,100716.61579767051,0,0,0.0,0.0
2017-07-10,100716.61579767051,0,0,0.0,0.0
2017-07-11,100716.61579767051,0,0,0.0,0.0
2017-07-12,100716.61579767051,0,0,0.0,0.0
2017-07-13,100699.71729535332,458,-368,20087.639797210693,-27.24014663696289
2017-07-14,100781.98454977627,458,-368,20333.479824066162,56.68038558959961
2017-07-17,100784.50443288684,458,-368,20252.680252075195,64.20002746582031
2017-07-18,100774.4247413652,458,-368,20325.220336914062,55.7796630859375
2017-07-19,100863.95858522682,458,-368,20600.420162200928,146.97948837280273
2017-07-20,100863.9973482202,458,-368,20653.65980529785,148.69935607910338
2017-07-21,100737.8326541468,458,-368,20485.019439697266,24.220001220704944
2017-07-24,100730.00746188898,458,-368,20496.959712982178,21.439937591552734
2017-07-25,100794.08412878962,458,-368,20651.039916992188,87.19952392578307
2017-07-26,100887.59421028952,458,-368,20775.679447174072,182.39978408813477
2017-07-27,100891.07894332816,0,0,0.0,0.0
2017-07-28,100891.07894332816,0,0,0.0,0.0
2017-07-31,100891.07894332816,0,0,0.0,0.0
2017-08-01,100891.07894332816,0,0,0.0,0.0
2017-08-02,100891.07894332816,0,0,0.0,0.0
2017-08-03,100891.07894332816,0,0,0.0,0.0
2017-08-04,100891.07894332816,0,0,0.0,0.0
2017-08-07,100891.07894332816,0,0,0.0,0.0
2017-08-08,100891.07894332816,0,0,0.0,0.0
2017-08-09,100891.07894332816,0,0,0.0,0.0
2017-08-10,100891.07894332816,0,0,0.0,0.0
2017-08-11,100891.07894332816,0,0,0.0,0.0
2017-08-14,100891.07894332816,0,0,0.0,0.0
2017-08-15,100891.07894332816,0,0,0.0,0.0
2017-08-16,100891.07894332816,0,0,0.0,0.0
2017-08-17,100891.07894332816,0,0,0.0,0.0
2017-08-18,100891.07894332816,0,0,0.0,0.0
2017-08-21,100891.07894332816,0,0,0.0,0.0
2017-08-22,100891.07894332816,0,0,0.0,0.0
2017-08-23,100891.07894332816,0,0,0.0,0.0
2017-08-24,100891.07894332816,0,0,0.0,0.0
2017-08-25,100891.07894332816,0,0,0.0,0.0
2017-08-28,100891.07894332816,0,0,0.0,0.0
2017-08-29,100891.07894332816,0,0,0.0,0.0
2017-08-30,100891.07894332816,0,0,0.0,0.0
2017-08-31,100891.07894332816,0,0,0.0,0.0
2017-09-01,100891.07894332816,0,0,0.0,0.0
2017-09-05,100891.07894332816,0,0,0.0,0.0
2017-09-06,100891.07894332816,0,0,0.0,0.0
2017-09-07,100891.07894332816,0,0,0.0,0.0
2017-09-08,100891.07894332816,0,0,0.0,0.0
2017-09-11,100891.07894332816,0,0,0.0,0.0
2017-09-12,100891.07894332816,0,0,0.0,0.0
2017-09-13,100891.07894332816,0,0,0.0,0.0
2017-09-14,100891.07894332816,0,0,0.0,0.0
2017-09-15,100874.49126777015,438,-354,20151.059886932373,-90.66022109985352
2017-09-18,100874.24042740969,438,-354,20084.999885559082,-85.91995239257812
2017-09-19,100885.18251154394,438,-354,20203.79958343506,-73.31998443603698
2017-09-20,100843.91582802335,438,-354,20199.60032272339,-112.9200553894043
2017-09-21,100626.24605403047,438,-354,20082.719638824463,-328.9203071594238
2017-09-22,100701.72848020867,438,-354,20145.719409942627,-251.76021194458008
2017-09-25,100655.41885527995,438,-354,20125.67978668213,-293.04032135009584
2017-09-26,100589.90081396792,438,-354,20040.59951019287,-356.88011169433594
2017-09-27,100546.10418016193,438,-354,20012.63970565796,-399.0002403259259
2017-09-28,100487.96672947855,438,-354,20034.060356140137,-455.46002197265625
2017-09-29,100509.16361076075,0,0,0.0,0.0
2017-10-02,100492.64441554896,437,-352,20043.900077819824,-343.9392776489258
2017-10-03,100405.0282406128,437,-352,20042.44020652771,-429.87973976135254
2017-10-04,100340.34497573464,437,-352,20000.560081481934,-492.8803482055646
2017-10-05,100337.20071207844,437,-352,19914.619619369507,-494.34021949768066
2017-10-06,100349.60291420347,437,-352,19900.5399684906,-480.2605686187744
2017-10-09,100345.42820217297,437,-352,19908.42947769165,-479.4098777770996
2017-10-10,100369.61208560168,437,-352,20039.89014816284,-453.5502815246564
2017-10-11,100334.30743299895,437,-352,20125.949941635132,-487.17054176330566
2017-10-12,100437.73327151456,437,-352,20160.66974067688,-382.0504741668701
2017-10-13,100552.09482227219,437,-352,20333.039680480957,-266.00048065185547
2017-10-16,100575.18737490028,0,0,0.0,0.0
2017-10-17,100575.18737490028,0,0,0.0,0.0
2017-10-18,100575.18737490028,0,0,0.0,0.0
2017-10-19,100575.18737490028,0,0,0.0,0.0
2017-10-20,100575.18737490028,0,0,0.0,0.0
2017-10-23,100575.18737490028,0,0,0.0,0.0
2017-10-24,100575.18737490028,0,0,0.0,0.0
2017-10-25,100575.18737490028,0,0,0.0,0.0
2017-10-26,100575.18737490028,0,0,0.0,0.0
2017-10-27,100575.18737490028,0,0,0.0,0.0
2017-10-30,100575.18737490028,0,0,0.0,0.0
2017-10-31,100575.18737490028,0,0,0.0,0.0
2017-11-01,100575.18737490028,0,0,0.0,0.0
2017-11-02,100575.18737490028,0,0,0.0,0.0
2017-11-03,100575.18737490028,0,0,0.0,0.0
2017-11-06,100575.18737490028,0,0,0.0,0.0
2017-11-07,100575.18737490028,0,0,0.0,0.0
2017-11-08,100575.18737490028,0,0,0.0,0.0
2017-11-09,100575.18737490028,0,0,0.0,0.0
2017-11-10,100575.18737490028,0,0,0.0,0.0
2017-11-13,100575.18737490028,0,0,0.0,0.0
2017-11-14,100575.18737490028,0,0,0.0,0.0
2017-11-15,100575.18737490028,0,0,0.0,0.0
2017-11-16,100575.18737490028,0,0,0.0,0.0
2017-11-17,100575.18737490028,0,0,0.0,0.0
2017-11-20,100575.18737490028,0,0,0.0,0.0
2017-11-21,100575.18737490028,0,0,0.0,0.0
2017-11-22,100575.18737490028,0,0,0.0,0.0
2017-11-24,100575.18737490028,0,0,0.0,0.0
2017-11-27,100575.18737490028,0,0,0.0,0.0
2017-11-28,100575.18737490028,0,0,0.0,0.0
2017-11-29,100575.18737490028,0,0,0.0,0.0
2017-11-30,100575.18737490028,0,0,0.0,0.0
2017-12-01,100575.18737490028,0,0,0.0,0.0
2017-12-04,100575.18737490028,0,0,0.0,0.0
2017-12-05,100575.18737490028,0,0,0.0,0.0
2017-12-06,100575.18737490028,0,0,0.0,0.0
2017-12-07,100575.18737490028,0,0,0.0,0.0
2017-12-08,100575.18737490028,0,0,0.0,0.0
2017-12-11,100575.18737490028,0,0,0.0,0.0
2017-12-12,100575.18737490028,0,0,0.0,0.0
2017-12-13,100575.18737490028,0,0,0.0,0.0
2017-12-14,100575.18737490028,0,0,0.0,0.0
2017-12-15,100575.18737490028,0,0,0.0,0.0
2017-12-18,100575.18737490028,0,0,0.0,0.0
2017-12-19,100575.18737490028,0,0,0.0,0.0
2017-12-20,100575.18737490028,0,0,0.0,0.0
2017-12-21,100575.18737490028,0,0,0.0,0.0
2017-12-22,100575.18737490028,0,0,0.0,0.0
2017-12-26,100575.18737490028,0,0,0.0,0.0
2017-12-27,100575.18737490028,0,0,0.0,0.0
2017-12-28,100575.18737490028,0,0,0.0,0.0
2017-12-29,100575.18737490028,0,0,0.0,0.0
2018-01-02,100575.18737490028,0,0,0.0,0.0
2018-01-03,100575.18737490028,0,0,0.0,0.0
2018-01-04,100575.18737490028,0,0,0.0,0.0
2018-01-05,100575.18737490028,0,0,0.0,0.0
2018-01-08,100575.18737490028,0,0,0.0,0.0
2018-01-09,100575.18737490028,0,0,0.0,0.0
2018-01-10,100575.18737490028,0,0,0.0,0.0
2018-01-11,100575.18737490028,0,0,0.0,0.0
2018-01-12,100575.18737490028,0,0,0.0,0.0
2018-01-16,100575.18737490028,0,0,0.0,0.0
2018-01-17,100575.18737490028,0,0,0.0,0.0
2018-01-18,100575.18737490028,0,0,0.0,0.0
2018-01-19,100575.18737490028,0,0,0.0,0.0
2018-01-22,100575.18737490028,0,0,0.0,0.0
2018-01-23,100575.18737490028,0,0,0.0,0.0
2018-01-24,100575.18737490028,0,0,0.0,0.0
2018-01-25,100575.18737490028,0,0,0.0,0.0
2018-01-26,100575.18737490028,0,0,0.0,0.0
2018-01-29,100575.18737490028,0,0,0.0,0.0
2018-01-30,100575.18737490028,0,0,0.0,0.0
2018-01-31,100575.18737490028,0,0,0.0,0.0
2018-02-01,100575.18737490028,0,0,0.0,0.0
2018-02-02,100558.81251733398,-433,341,20059.519886016846,-308.80051040649414
2018-02-05,100619.65077029377,-433,341,19441.239671707153,-242.93993186950684
2018-02-06,100563.69265013226,-433,341,19577.420486450195,-297.2801742553711
2018-02-07,100698.28940255089,-433,341,19297.969520568848,-161.04988479614258
2018-02-08,100751.23987583473,-433,341,18806.940092086792,-106.50004005432129
2018-02-09,100645.49478902893,-433,341,18945.230129241943,-210.6905975341797
2018-02-12,100605.16212405352,-433,341,19212.719520568848,-246.29988479614258
2018-02-13,100554.09244619905,-433,341,19275.830139160156,-295.77019119262695
2018-02-14,100512.27377856088,-433,341,19582.019765853882,-335.98023414611816
2018-02-15,100498.40675370012,-433,341,19717.0099029541,-348.2101631164551
2018-02-16,100518.54350676332,0,0,0.0,0.0
2018-02-20,100501.94373462988,-445,351,20069.52032852173,-329.2797393798828
2018-02-21,100541.00653514075,-445,351,20056.860218048096,-288.5403251647931
2018-02-22,100438.17436208957,-445,351,20115.900541305542,-389.70027351379395
2018-02-23,100482.74922796273,-445,351,20322.35937309265,-343.4400157928467
2018-02-26,100415.54400664706,-445,351,20482.749828338623,-405.549560546875
2018-02-27,100483.70652413562,-445,351,20223.330142974854,-335.6701965332031
2018-02-28,100417.07739697232,-445,351,19909.190185546875,-400.6095428466797
2018-03-01,100418.97782149378,-445,351,19779.260248184204,-397.03981971740905
2018-03-02,100340.53925635558,-445,351,19764.779737472534,-473.82005882263184
2018-03-05,100319.12872014657,-445,351,19837.359880447388,-490.24025535583496
2018-03-06,100284.00146936053,0,0,0.0,0.0
2018-03-07,100267.3765319068,-447,354,20003.910078048706,-441.87067222595215
2018-03-08,100291.2268184954,-447,354,20056.259748458862,-416.33991050720215
2018-03-09,100205.39445035068,-447,354,20338.649923324585,-500.4895992279053
2018-03-12,100197.64597264805,-447,354,20327.099658966064,-503.09965896606445
2018-03-13,100248.61372248564,-447,354,20111.58016204834,-450.41983795166016
2018-03-14,100234.08357858752,-447,354,20188.14038658142,-463.25995445251647
2018-03-15,100291.0356630559,-447,354,20023.289846420288,-404.61049461364746
2018-03-16,100310.95697454976,-447,354,19973.370231628418,-383.0101776123047
2018-03-19,100326.2177024845,-447,354,19832.730068206787,-362.7300682067871
2018-03-20,100395.71790258827,-447,354,19832.370237350464,-291.56996726989746
2018-03-21,100423.2954229005,0,0,0.0,0.0
2018-03-22,100423.2954229005,0,0,0.0,0.0
2018-03-23,100423.2954229005,0,0,0.0,0.0
2018-03-26,100423.2954229005,0,0,0.0,0.0
2018-03-27,100423.2954229005,0,0,0.0,0.0
2018-03-28,100423.2954229005,0,0,0.0,0.0
2018-03-29,100423.2954229005,0,0,0.0,0.0
2018-04-02,100423.2954229005,0,0,0.0,0.0
2018-04-03,100423.2954229005,0,0,0.0,0.0
2018-04-04,100423.2954229005,0,0,0.0,0.0
2018-04-05,100423.2954229005,0,0,0.0,0.0
2018-04-06,100423.2954229005,0,0,0.0,0.0
2018-04-09,100423.2954229005,0,0,0.0,0.0
2018-04-10,100423.2954229005,0,0,0.0,0.0
2018-04-11,100423.2954229005,0,0,0.0,0.0
2018-04-12,100423.2954229005,0,0,0.0,0.0
2018-04-13,100423.2954229005,0,0,0.0,0.0
2018-04-16,100423.2954229005,0,0,0.0,0.0
2018-04-17,100423.2954229005,0,0,0.0,0.0
2018-04-18,100423.2954229005,0,0,0.0,0.0
2018-04-19,100423.2954229005,0,0,0.0,0.0
2018-04-20,100423.2954229005,0,0,0.0,0.0
2018-04-23,100423.2954229005,0,0,0.0,0.0
2018-04-24,100423.2954229005,0,0,0.0,0.0
2018-04-25,100423.2954229005,0,0,0.0,0.0
2018-04-26,100423.2954229005,0,0,0.0,0.0
2018-04-27,100423.2954229005,0,0,0.0,0.0
2018-04-30,100423.2954229005,0,0,0.0,0.0
2018-05-01,100423.2954229005,0,0,0.0,0.0
2018-05-02,100423.2954229005,0,0,0.0,0.0
2018-05-03,100423.2954229005,0,0,0.0,0.0
2018-05-04,100423.2954229005,0,0,0.0,0.0
2018-05-07,100423.2954229005,0,0,0.0,0.0
2018-05-08,100423.2954229005,0,0,0.0,0.0
2018-05-09,100423.2954229005,0,0,0.0,0.0
2018-05-10,100423.2954229005,0,0,0.0,0.0
2018-05-11,100423.2954229005,0,0,0.0,0.0
2018-05-14,100423.2954229005,0,0,0.0,0.0
2018-05-15,100423.2954229005,0,0,0.0,0.0
2018-05-16,100406.8798881866,434,-346,20021.799808502197,-205.3598747253418
2018-05-17,100387.09762712,434,-346,20065.960159301758,-223.47962951660338
2018-05-18,100378.27017374584,434,-346,19934.240119934082,-230.63945770263854
2018-05-21,100405.73742282153,434,-346,20153.519847869873,-198.20004653930664
2018-05-22,100386.52461295524,434,-346,20032.180046081543,-215.7401123046875
2018-05-23,100363.9200889076,434,-346,19948.959629058838,-236.68042373657227
2018-05-24,100444.48155718583,434,-346,19892.779663085938,-154.4598617553711
2018-05-25,100454.73378698884,434,-346,19759.360244750977,-142.5599136352539
2018-05-29,100462.4310273223,434,-346,19476.040370941162,-128.31957626342773
2018-05-30,100486.63929395918,434,-346,19875.540588378906,-102.49999237060547
2018-05-31,100422.55371163654,0,0,0.0,0.0
2018-06-01,100422.55371163654,0,0,0.0,0.0
2018-06-04,100422.55371163654,0,0,0.0,0.0
2018-06-05,100422.55371163654,0,0,0.0,0.0
2018-06-06,100422.55371163654,0,0,0.0,0.0
2018-06-07,100422.55371163654,0,0,0.0,0.0
2018-06-08,100422.55371163654,0,0,0.0,0.0
2018-06-11,100422.55371163654,0,0,0.0,0.0
2018-06-12,100422.55371163654,0,0,0.0,0.0
2018-06-13,100422.55371163654,0,0,0.0,0.0
2018-06-14,100422.55371163654,0,0,0.0,0.0
2018-06-15,100405.97137955356,443,-352,20065.470167160034,-139.33036994934082
2018-06-18,100442.91998650576,443,-352,20191.880027770996,-97.3997573852539
2018-06-19,100480.6699160946,443,-352,19724.529945373535,-170.51021575927734
2018-06-20,100520.17530179665,443,-352,19878.310432434082,-129.36962127685547
2018-06-21,100600.8461578278,0,0,0.0,0.0
2018-06-22,100600.8461578278,0,0,0.0,0.0
2018-06-25,100600.8461578278,0,0,0.0,0.0
2018-06-26,100600.8461578278,0,0,0.0,0.0
2018-06-27,100600.8461578278,0,0,0.0,0.0
2018-06-28,100600.8461578278,0,0,0.0,0.0
2018-06-29,100600.8461578278,0,0,0.0,0.0
2018-07-02,100600.8461578278,0,0,0.0,0.0
2018-07-03,100600.8461578278,0,0,0.0,0.0
2018-07-05,100600.8461578278,0,0,0.0,0.0
2018-07-06,100600.8461578278,0,0,0.0,0.0
2018-07-09,100600.8461578278,0,0,0.0,0.0
2018-07-10,100600.8461578278,0,0,0.0,0.0
2018-07-11,100600.8461578278,0,0,0.0,0.0
2018-07-12,100600.8461578278,0,0,0.0,0.0
2018-07-13,100600.8461578278,0,0,0.0,0.0
2018-07-16,100600.8461578278,0,0,0.0,0.0
2018-07-17,100600.8461578278,0,0,0.0,0.0
2018-07-18,100600.8461578278,0,0,0.0,0.0
2018-07-19,100600.8461578278,0,0,0.0,0.0
2018-07-20,100600.8461578278,0,0,0.0,0.0
2018-07-23,100600.8461578278,0,0,0.0,0.0
2018-07-24,100600.8461578278,0,0,0.0,0.0
2018-07-25,100600.8461578278,0,0,0.0,0.0
2018-07-26,100600.8461578278,0,0,0.0,0.0
2018-07-27,100600.8461578278,0,0,0.0,0.0
2018-07-30,100600.8461578278,0,0,0.0,0.0
2018-07-31,100600.8461578278,0,0,0.0,0.0
2018-08-01,100600.8461578278,0,0,0.0,0.0
2018-08-02,100600.8461578278,0,0,0.0,0.0
2018-08-03,100600.8461578278,0,0,0.0,0.0
2018-08-06,100600.8461578278,0,0,0.0,0.0
2018-08-07,100600.8461578278,0,0,0.0,0.0
2018-08-08,100600.8461578278,0,0,0.0,0.0
2018-08-09,100600.8461578278,0,0,0.0,0.0
2018-08-10,100600.8461578278,0,0,0.0,0.0
2018-08-13,100600.8461578278,0,0,0.0,0.0
2018-08-14,100600.8461578278,0,0,0.0,0.0
2018-08-15,100600.8461578278,0,0,0.0,0.0
2018-08-16,100600.8461578278,0,0,0.0,0.0
2018-08-17,100600.8461578278,0,0,0.0,0.0
2018-08-20,100600.8461578278,0,0,0.0,0.0
2018-08-21,100600.8461578278,0,0,0.0,0.0
2018-08-22,100600.8461578278,0,0,0.0,0.0
2018-08-23,100600.8461578278,0,0,0.0,0.0
2018-08-24,100600.8461578278,0,0,0.0,0.0
2018-08-27,100600.8461578278,0,0,0.0,0.0
2018-08-28,100600.8461578278,0,0,0.0,0.0
2018-08-29,100600.8461578278,0,0,0.0,0.0
2018-08-30,100600.8461578278,0,0,0.0,0.0
2018-08-31,100600.8461578278,0,0,0.0,0.0
2018-09-04,100600.8461578278,0,0,0.0,0.0
2018-09-05,100600.8461578278,0,0,0.0,0.0
2018-09-06,100600.8461578278,0,0,0.0,0.0
2018-09-07,100600.8461578278,0,0,0.0,0.0
2018-09-10,100584.00729405509,459,-361,20073.91997718811,-235.9394168853778
2018-09-11,100544.89763524235,459,-361,20166.43984222412,-273.3797721862793
2018-09-12,100597.26694930867,459,-361,20314.349912643433,-219.33047294616517
2018-09-13,100606.40949742998,459,-361,20303.519664764404,-208.50022506713685
2018-09-14,100616.22402812126,459,-361,20264.480335235596,-196.99977493286315
2018-09-17,100588.84803364244,459,-361,20314.349912643433,-219.33047294616517
2018-09-18,100563.75061441756,459,-361,20558.07942199707,-242.74019241333008
2018-09-19,100586.28063734745,459,-361,20625.64009284973,-218.50051307678223
2018-09-20,100594.67815334357,459,-361,20744.050550460815,-208.38978004455566
2018-09-21,100549.99574023673,459,-361,20722.74937438965,-251.3500747680664
2018-09-24,100529.76667760394,0,0,0.0,0.0
2018-09-25,100529.76667760394,0,0,0.0,0.0
2018-09-26,100529.76667760394,0,0,0.0,0.0
2018-09-27,100529.76667760394,0,0,0.0,0.0
2018-09-28,100529.76667760394,0,0,0.0,0.0
2018-10-01,100529.76667760394,0,0,0.0,0.0
2018-10-02,100513.0569945544,452,-354,20090.679668426514,-356.35973739624023
2018-10-03,100427.8362281374,452,-354,20056.7006149292,-439.8999252319336
2018-10-04,100460.4111967047,452,-354,19913.960235595703,-405.6403045654297
2018-10-05,100478.24105058904,452,-354,19813.10013961792,-386.1403465270996
2018-10-08,100440.86072341322,452,-354,19709.900177001953,-418.5400390625
2018-10-09,100420.74677067241,452,-354,19656.039806365967,-436.9995994567871
2018-10-10,100527.21464604427,452,-354,19141.119758605957,-328.88024139404297
2018-10-11,100507.43470364515,452,-354,18860.979496002197,-347.05990982055664
2018-10-12,100506.01577742223,452,-354,18960.260231018066,-346.9000930786133
2018-10-15,100515.79457842588,452,-354,18981.879863739014,-332.36062240600586
2018-10-16,100493.82955951251,0,0,0.0,0.0
2018-10-17,100476.78573214583,473,-369,20036.889904022217,-265.4902648925781
2018-10-18,100536.53673445064,473,-369,19795.729707717896,-204.0705738067627
2018-10-19,100596.28321981484,473,-369,19923.54012489319,-142.680269241333
2018-10-22,100498.25350055507,0,0,0.0,0.0
2018-10-23,100498.25350055507,0,0,0.0,0.0
2018-10-24,100498.25350055507,0,0,0.0,0.0
2018-10-25,100498.25350055507,0,0,0.0,0.0
2018-10-26,100498.25350055507,0,0,0.0,0.0
2018-10-29,100498.25350055507,0,0,0.0,0.0
2018-10-30,100498.25350055507,0,0,0.0,0.0
2018-10-31,100498.25350055507,0,0,0.0,0.0
2018-11-01,100498.25350055507,0,0,0.0,0.0
2018-11-02,100498.25350055507,0,0,0.0,0.0
2018-11-05,100498.25350055507,0,0,0.0,0.0
2018-11-06,100498.25350055507,0,0,0.0,0.0
2018-11-07,100498.25350055507,0,0,0.0,0.0
2018-11-08,100481.21576830398,-473,368,20052.419687271118,-173.0595188140869
2018-11-09,100480.05281077934,-473,368,19882.64061355591,-172.56010818481445
2018-11-12,100441.96813781574,-473,368,19717.059831619263,-205.69966316223145
2018-11-13,100443.47982065585,-473,368,19691.830156326294,-202.55049324035645
2018-11-14,100584.80452974464,-473,368,19607.75023651123,-59.59062957763672
2018-11-15,100555.3485012153,-473,368,19731.270557403564,-87.4301643371582
2018-11-16,100542.68951472433,-473,368,19786.460216522217,-98.4602165222168
2018-11-19,100653.38592246175,-473,368,19523.66011619568,17.13932228088379
2018-11-20,100591.46670696103,0,0,0.0,0.0
2018-11-21,100591.46670696103,0,0,0.0,0.0
2018-11-23,100591.46670696103,0,0,0.0,0.0
2018-11-26,100591.46670696103,0,0,0.0,0.0
2018-11-27,100591.46670696103,0,0,0.0,0.0
2018-11-28,100574.2855467529,-480,374,20082.260459899902,-192.94034576416016
2018-11-29,100635.57890405647,-480,374,20049.21990585327,-129.98053359985352
2018-11-30,100743.2610111761,-480,374,19947.359405517578,-20.639862060545056
2018-12-03,100666.51727315321,-480,374,20221.13986968994,-92.4599838256836
2018-12-04,100762.66777252739,-480,374,19771.760272979736,5.360126495361328
2018-12-06,100632.29315027778,0,0,0.0,0.0
2018-12-07,100632.29315027778,0,0,0.0,0.0
2018-12-10,100632.29315027778,0,0,0.0,0.0
2018-12-11,100632.29315027778,0,0,0.0,0.0
2018-12-12,100632.29315027778,0,0,0.0,0.0
2018-12-13,100632.29315027778,0,0,0.0,0.0
2018-12-14,100632.29315027778,0,0,0.0,0.0
2018-12-17,100632.29315027778,0,0,0.0,0.0
2018-12-18,100614.31105833685,-524,409,20113.249912261963,-113.14928817749023
2018-12-19,100609.31788031403,-524,409,19879.359897613525,-116.48002243041992
2018-12-20,100623.64409411099,-524,409,19675.250564575195,-100.51031494140625
2018-12-21,100648.07896895338,-524,409,19240.190284729004,-74.45003509521484
2018-12-24,100513.58660604023,-524,409,19099.980195999146,-204.17988395690918
2018-12-26,100474.77347837204,-524,409,19724.579475402832,-239.8197250366211
2018-12-27,100396.70159961043,-524,409,19711.029945373535,-316.2506942749005
2018-12-28,100378.95637204565,-524,409,19841.650156021118,-332.34984397888184
2018-12-31,100418.97143061494,-524,409,19886.639625549316,-287.3603744506836
2019-01-02,100584.23545601979,-524,409,19898.02032470703,-118.78007507324219
2019-01-03,100576.77605505887,0,0,0.0,0.0
2019-01-04,100576.77605505887,0,0,0.0,0.0
2019-01-07,100558.99608311975,-517,397,20072.970306396484,-286.4902458190918
2019-01-08,100586.96308175242,-517,397,20257.710290908813,-256.84986686706543
2019-01-09,100627.10632592627,-517,397,20589.060373306274,-215.02049446105957
2019-01-10,100622.53755099226,-517,397,20679.25970840454,-217.87934494018555
2019-01-11,100600.96952358894,-517,397,20659.409254074097,-237.72979927062988
2019-01-14,100676.87691636982,-517,397,20657.749444961548,-156.66968727111816
2019-01-15,100663.53534766941,-517,397,20780.539754867554,-168.30048179626465
2019-01-16,100667.72464655261,-517,397,20838.150087356567,-162.38936042785645
2019-01-17,100651.13793524503,-517,397,21019.75,-177.25
2019-01-18,100675.52578579962,-517,397,21128.599990844727,-151.11993026733398
2019-01-22,100810.91192585358,0,0,0.0,0.0
2019-01-23,100810.91192585358,0,0,0.0,0.0
2019-01-24,100810.91192585358,0,0,0.0,0.0
2019-01-25,100810.91192585358,0,0,0.0,0.0
2019-01-28,100810.91192585358,0,0,0.0,0.0
2019-01-29,100810.91192585358,0,0,0.0,0.0
2019-01-30,100810.91192585358,0,0,0.0,0.0
2019-01-31,100810.91192585358,0,0,0.0,0.0
2019-02-01,100810.91192585358,0,0,0.0,0.0
2019-02-04,100810.91192585358,0,0,0.0,0.0
2019-02-05,100810.91192585358,0,0,0.0,0.0
2019-02-06,100810.91192585358,0,0,0.0,0.0
2019-02-07,100810.91192585358,0,0,0.0,0.0
2019-02-08,100810.91192585358,0,0,0.0,0.0
2019-02-11,100810.91192585358,0,0,0.0,0.0
2019-02-12,100810.91192585358,0,0,0.0,0.0
2019-02-13,100810.91192585358,0,0,0.0,0.0
2019-02-14,100810.91192585358,0,0,0.0,0.0
2019-02-15,100810.91192585358,0,0,0.0,0.0
2019-02-19,100810.91192585358,0,0,0.0,0.0
2019-02-20,100810.91192585358,0,0,0.0,0.0
2019-02-21,100810.91192585358,0,0,0.0,0.0
2019-02-22,100810.91192585358,0,0,0.0,0.0
2019-02-25,100810.91192585358,0,0,0.0,0.0
2019-02-26,100810.91192585358,0,0,0.0,0.0
2019-02-27,100810.91192585358,0,0,0.0,0.0
2019-02-28,100810.91192585358,0,0,0.0,0.0
2019-03-01,100810.91192585358,0,0,0.0,0.0
2019-03-04,100810.91192585358,0,0,0.0,0.0
2019-03-05,100810.91192585358,0,0,0.0,0.0
2019-03-06,100810.91192585358,0,0,0.0,0.0
2019-03-07,100810.91192585358,0,0,0.0,0.0
2019-03-08,100810.91192585358,0,0,0.0,0.0
2019-03-11,100810.91192585358,0,0,0.0,0.0
2019-03-12,100810.91192585358,0,0,0.0,0.0
2019-03-13,100810.91192585358,0,0,0.0,0.0
2019-03-14,100810.91192585358,0,0,0.0,0.0
2019-03-15,100810.91192585358,0,0,0.0,0.0
2019-03-18,100810.91192585358,0,0,0.0,0.0
2019-03-19,100810.91192585358,0,0,0.0,0.0
2019-03-20,100810.91192585358,0,0,0.0,0.0
2019-03-21,100810.91192585358,0,0,0.0,0.0
2019-03-22,100810.91192585358,0,0,0.0,0.0
2019-03-25,100810.91192585358,0,0,0.0,0.0
2019-03-26,100810.91192585358,0,0,0.0,0.0
2019-03-27,100810.91192585358,0,0,0.0,0.0
2019-03-28,100810.91192585358,0,0,0.0,0.0
2019-03-29,100810.91192585358,0,0,0.0,0.0
2019-04-01,100810.91192585358,0,0,0.0,0.0
2019-04-02,100810.91192585358,0,0,0.0,0.0
2019-04-03,100810.91192585358,0,0,0.0,0.0
2019-04-04,100810.91192585358,0,0,0.0,0.0
2019-04-05,100810.91192585358,0,0,0.0,0.0
2019-04-08,100810.91192585358,0,0,0.0,0.0
2019-04-09,100810.91192585358,0,0,0.0,0.0
2019-04-10,100810.91192585358,0,0,0.0,0.0
2019-04-11,100810.91192585358,0,0,0.0,0.0
2019-04-12,100810.91192585358,0,0,0.0,0.0
2019-04-15,100810.91192585358,0,0,0.0,0.0
2019-04-16,100810.91192585358,0,0,0.0,0.0
2019-04-17,100810.91192585358,0,0,0.0,0.0
2019-04-18,100810.91192585358,0,0,0.0,0.0
2019-04-22,100810.91192585358,0,0,0.0,0.0
2019-04-23,100810.91192585358,0,0,0.0,0.0
2019-04-24,100810.91192585358,0,0,0.0,0.0
2019-04-25,100810.91192585358,0,0,0.0,0.0
2019-04-26,100810.91192585358,0,0,0.0,0.0
2019-04-29,100810.91192585358,0,0,0.0,0.0
2019-04-30,100810.91192585358,0,0,0.0,0.0
2019-05-01,100810.91192585358,0,0,0.0,0.0
2019-05-02,100810.91192585358,0,0,0.0,0.0
2019-05-03,100810.91192585358,0,0,0.0,0.0
2019-05-06,100810.91192585358,0,0,0.0,0.0
2019-05-07,100810.91192585358,0,0,0.0,0.0
2019-05-08,100810.91192585358,0,0,0.0,0.0
2019-05-09,100810.91192585358,0,0,0.0,0.0
2019-05-10,100810.91192585358,0,0,0.0,0.0
2019-05-13,100810.91192585358,0,0,0.0,0.0
2019-05-14,100810.91192585358,0,0,0.0,0.0
2019-05-15,100810.91192585358,0,0,0.0,0.0
2019-05-16,100810.91192585358,0,0,0.0,0.0
2019-05-17,100810.91192585358,0,0,0.0,0.0
2019-05-20,100810.91192585358,0,0,0.0,0.0
2019-05-21,100810.91192585358,0,0,0.0,0.0
2019-05-22,100810.91192585358,0,0,0.0,0.0
2019-05-23,100810.91192585358,0,0,0.0,0.0
2019-05-24,100794.02571851792,-464,357,20157.230291366577,-286.6103458404541
2019-05-28,100834.4153300187,-464,357,20074.41996192932,-239.49947166443053
2019-05-29,100795.6051154887,-464,357,19925.920375823975,-276.6400489807129
2019-05-30,100746.82511851224,-464,357,19915.919942855835,-323.7595615386963
2019-05-31,100710.53147151617,-464,357,19872.009618759155,-358.3896732330322
2019-06-03,100772.29311573555,-464,357,19855.23943901062,-291.6397113800049
2019-06-04,100760.3162220661,-464,357,20151.160152435303,-301.96069717407227
2019-06-05,100811.10545957333,-464,357,20120.110326766968,-249.49038124084473
2019-06-06,100805.16155625657,-464,357,20245.76007080078,-253.76007080078125
2019-06-07,100736.38642180427,-464,357,20419.95004081726,-320.8503131866455
2019-06-10,100732.13349621196,0,0,0.0,0.0
2019-06-11,100732.13349621196,0,0,0.0,0.0
2019-06-12,100715.38147913177,-457,353,20097.950174331665,-329.95017433166504
2019-06-13,100744.43250368348,-457,353,20137.820413589478,-299.22014427184877
2019-06-14,100783.06347118372,-457,353,20041.02974319458,-258.90942001342773
2019-06-17,100847.11542193942,-457,353,19738.810274124146,-76.71000480651855
2019-06-18,100832.34656845202,-457,353,20027.29002380371,-89.85018539428711
2019-06-19,100840.84373391676,-457,353,20165.400094985962,-79.69955635070801
2019-06-20,100837.88964539644,-457,353,20392.60998725891,-80.98966407775879
2019-06-21,100832.07639252456,-457,353,20269.660263061523,-85.12015533447266
2019-06-24,100775.1172867824,-457,353,20363.96000480652,-137.0602741241455
2019-06-25,100735.86255973183,-457,353,20253.270362854004,-174.62998580932617
2019-06-26,100686.81806299672,0,0,0.0,0.0
2019-06-27,100670.15773482846,-453,347,20115.82991027832,-350.7102279663086
2019-06-28,100739.70565789365,-453,347,20141.760705947876,-279.48012351989746
2019-07-01,100777.08059228043,-453,347,20147.930185317993,-237.06981468200684
2019-07-02,100800.75503119385,-453,347,20164.21989631653,-211.71989631652832
2019-07-03,100758.98998536596,-453,347,20377.810207366943,-251.81020736694336
2019-07-05,100737.18839351536,-453,347,20368.459993362427,-270.2206287384033
2019-07-08,100807.94987145481,-453,347,20181.569631576538,-194.37016105651855
2019-07-09,100873.74515506417,-453,347,20176.559719085693,-126.90014266967592
2019-07-10,100842.36509065458,0,0,0.0,0.0
2019-07-11,100842.36509065458,0,0,0.0,0.0
2019-07-12,100842.36509065458,0,0,0.0,0.0
2019-07-15,100842.36509065458,0,0,0.0,0.0
2019-07-16,100842.36509065458,0,0,0.0,0.0
2019-07-17,100842.36509065458,0,0,0.0,0.0
2019-07-18,100842.36509065458,0,0,0.0,0.0
2019-07-19,100842.36509065458,0,0,0.0,0.0
2019-07-22,100842.36509065458,0,0,0.0,0.0
2019-07-23,100842.36509065458,0,0,0.0,0.0
2019-07-24,100825.78550655389,-447,344,20144.549787521362,-247.58973503112793
2019-07-25,100763.54916998232,-447,344,20012.4695854187,-308.15000534057435
2019-07-26,100804.86911344892,-447,344,20010.760398864746,-265.15987396240234
2019-07-29,100733.49890495994,-447,344,20042.730278015137,-331.5305404663086
2019-07-30,100797.14475419474,-447,344,19929.25004196167,-266.2100944519043
2019-07-31,100810.58480605937,-447,344,19783.429721832275,-251.11014175414857
2019-08-01,100810.97778532811,-447,344,19678.19033050537,-249.07048797607422
2019-08-02,100787.64989150086,-447,344,19576.040157318115,-270.76052474975586
2019-08-05,100965.94727234413,-447,344,19035.090042114258,-87.56941223144713
2019-08-06,101049.74338602772,0,0,0.0,0.0
2019-08-07,101049.74338602772,0,0,0.0,0.0
2019-08-08,101032.82532666539,465,-359,20176.03995513916,-78.73938751220885
2019-08-09,100989.7198039737,465,-359,20105.879920959473,-120.18013381958008
2019-08-12,100999.02260298085,465,-359,19933.48980331421,-105.89008712768555
2019-08-13,101034.23576778268,465,-359,20157.03020477295,-69.02985000610352
2019-08-14,101064.67324545771,465,-359,19650.630098342896,-36.92995643615723
2019-08-15,101047.39493358678,465,-359,19591.890325546265,-52.59011268615541
2019-08-16,101018.84046508803,465,-359,19823.429540634155,-79.52996635437012
2019-08-19,100990.10282316529,465,-359,19921.659532546997,-103.36002922058287
2019-08-20,101089.2162962283,465,-359,19885.999883651733,-2.6006641387939453
2019-08-21,101008.19253859097,465,-359,19993.289600372314,-81.98974227905273
2019-08-22,100996.67830582867,0,0,0.0,0.0
2019-08-23,100996.67830582867,0,0,0.0,0.0
2019-08-26,100996.67830582867,0,0,0.0,0.0
2019-08-27,100996.67830582867,0,0,0.0,0.0
2019-08-28,100996.67830582867,0,0,0.0,0.0
2019-08-29,100996.67830582867,0,0,0.0,0.0
2019-08-30,100996.67830582867,0,0,0.0,0.0
2019-09-03,100996.67830582867,0,0,0.0,0.0
2019-09-04,100996.67830582867,0,0,0.0,0.0
2019-09-05,100996.67830582867,0,0,0.0,0.0
2019-09-06,100996.67830582867,0,0,0.0,0.0
2019-09-09,100996.67830582867,0,0,0.0,0.0
2019-09-10,100996.67830582867,0,0,0.0,0.0
2019-09-11,100996.67830582867,0,0,0.0,0.0
2019-09-12,100996.67830582867,0,0,0.0,0.0
2019-09-13,100996.67830582867,0,0,0.0,0.0
2019-09-16,100996.67830582867,0,0,0.0,0.0
2019-09-17,100996.67830582867,0,0,0.0,0.0
2019-09-18,100996.67830582867,0,0,0.0,0.0
2019-09-19,100996.67830582867,0,0,0.0,0.0
2019-09-20,100996.67830582867,0,0,0.0,0.0
2019-09-23,100996.67830582867,0,0,0.0,0.0
2019-09-24,100996.67830582867,0,0,0.0,0.0
2019-09-25,100996.67830582867,0,0,0.0,0.0
2019-09-26,100996.67830582867,0,0,0.0,0.0
2019-09-27,100996.67830582867,0,0,0.0,0.0
2019-09-30,100996.67830582867,0,0,0.0,0.0
2019-10-01,100996.67830582867,0,0,0.0,0.0
2019-10-02,100996.67830582867,0,0,0.0,0.0
2019-10-03,100996.67830582867,0,0,0.0,0.0
2019-10-04,100996.67830582867,0,0,0.0,0.0
2019-10-07,100996.67830582867,0,0,0.0,0.0
2019-10-08,100996.67830582867,0,0,0.0,0.0
2019-10-09,100996.67830582867,0,0,0.0,0.0
2019-10-10,100996.67830582867,0,0,0.0,0.0
2019-10-11,100996.67830582867,0,0,0.0,0.0
2019-10-14,100996.67830582867,0,0,0.0,0.0
2019-10-15,100996.67830582867,0,0,0.0,0.0
2019-10-16,100996.67830582867,0,0,0.0,0.0
2019-10-17,100996.67830582867,0,0,0.0,0.0
2019-10-18,100996.67830582867,0,0,0.0,0.0
2019-10-21,100996.67830582867,0,0,0.0,0.0
2019-10-22,100996.67830582867,0,0,0.0,0.0
2019-10-23,100996.67830582867,0,0,0.0,0.0
2019-10-24,100996.67830582867,0,0,0.0,0.0
2019-10-25,100996.67830582867,0,0,0.0,0.0
2019-10-28,100996.67830582867,0,0,0.0,0.0
2019-10-29,100996.67830582867,0,0,0.0,0.0
2019-10-30,100996.67830582867,0,0,0.0,0.0
2019-10-31,100996.67830582867,0,0,0.0,0.0
2019-11-01,100996.67830582867,0,0,0.0,0.0
2019-11-04,100996.67830582867,0,0,0.0,0.0
2019-11-05,100996.67830582867,0,0,0.0,0.0
2019-11-06,100996.67830582867,0,0,0.0,0.0
2019-11-07,100996.67830582867,0,0,0.0,0.0
2019-11-08,100996.67830582867,0,0,0.0,0.0
2019-11-11,100996.67830582867,0,0,0.0,0.0
2019-11-12,100996.67830582867,0,0,0.0,0.0
2019-11-13,100996.67830582867,0,0,0.0,0.0
2019-11-14,100980.1494148409,443,-343,20151.88000869751,-119.41946792602721
2019-11-15,101005.34266898879,443,-343,20302.219606399536,-92.56007957458496
2019-11-18,100959.01371887667,443,-343,20281.499977111816,-133.86017990112305
2019-11-19,101064.37604062381,443,-343,20271.920221328735,-26.819883346557617
2019-11-20,100922.23800647966,443,-343,20049.130001068115,-167.2895278930664
2019-11-21,100886.70560773395,443,-343,20056.420167922974,-201.16030311584473
2019-11-22,100967.07097946157,443,-343,20062.990127563477,-119.12992477416992
2019-11-25,100962.80504603431,443,-343,20159.740188598633,-118.4194450378418
2019-11-26,100971.56774175054,443,-343,20211.33052444458,-107.99005126953125
2019-11-27,101080.21746003054,443,-343,20349.089643478394,2.3297481536865234
2019-11-29,101008.56575980688,0,0,0.0,0.0
2019-12-02,101008.56575980688,0,0,0.0,0.0
2019-12-03,101008.56575980688,0,0,0.0,0.0
2019-12-04,101008.56575980688,0,0,0.0,0.0
2019-12-05,101008.56575980688,0,0,0.0,0.0
2019-12-06,101008.56575980688,0,0,0.0,0.0
2019-12-09,101008.56575980688,0,0,0.0,0.0
2019-12-10,101008.56575980688,0,0,0.0,0.0
2019-12-11,101008.56575980688,0,0,0.0,0.0
2019-12-12,101008.56575980688,0,0,0.0,0.0
2019-12-13,101008.56575980688,0,0,0.0,0.0
2019-12-16,101008.56575980688,0,0,0.0,0.0
2019-12-17,101008.56575980688,0,0,0.0,0.0
2019-12-18,101008.56575980688,0,0,0.0,0.0
2019-12-19,101008.56575980688,0,0,0.0,0.0
2019-12-20,101008.56575980688,0,0,0.0,0.0
2019-12-23,101008.56575980688,0,0,0.0,0.0
2019-12-24,101008.56575980688,0,0,0.0,0.0
2019-12-26,101008.56575980688,0,0,0.0,0.0
2019-12-27,101008.56575980688,0,0,0.0,0.0
2019-12-30,101008.56575980688,0,0,0.0,0.0
2019-12-31,101008.56575980688,0,0,0.0,0.0
