date,equity,qx,qy,gross,net,prediction,entry_threshold,target_weight_x,target_weight_y,desired_fraction,stopped
2023-01-03,100000.0,0,0,0.0,0.0,0.00017150686720495152,0.0028900794740417232,0.4839328916432624,0.5160671083567376,0.2,False
2023-01-04,100000.0,0,0,0.0,0.0,0.00020893863739110846,0.0028659126022130468,0.4816268132715298,0.5183731867284702,0.2,False
2023-01-05,100000.0,0,0,0.0,0.0,0.00016607910227673292,0.0028692415474910983,0.4796368077779093,0.5203631922220907,0.2,False
2023-01-06,100000.0,0,0,0.0,0.0,0.00023690137482178253,0.0028307123532341234,0.474204491968939,0.525795508031061,0.2,False
2023-01-09,100000.0,0,0,0.0,0.0,0.00018229650421378943,0.002826482900619894,0.4734599358617353,0.5265400641382647,0.2,False
2023-01-10,100000.0,0,0,0.0,0.0,0.00019631966644499267,0.0028269575261247303,0.4734146406583907,0.5265853593416093,0.2,False
2023-01-11,100000.0,0,0,0.0,0.0,0.0002147371053919839,0.0028185543409823565,0.4730443990052755,0.5269556009947245,0.2,False
2023-01-12,100000.0,0,0,0.0,0.0,0.0002597378220437634,0.0028005752761240447,0.4711918213520144,0.5288081786479857,0.2,False
2023-01-13,100000.0,0,0,0.0,0.0,0.00028120439281978274,0.0027924586230319726,0.4705617825603756,0.5294382174396244,0.2,False
2023-01-17,100000.0,0,0,0.0,0.0,0.0002773206183332471,0.0027886721172588973,0.4704710554745908,0.5295289445254092,0.2,False
2023-01-18,100000.0,0,0,0.0,0.0,0.00026060364268505517,0.002798581729155749,0.47062398126025096,0.529376018739749,0.2,False
2023-01-19,100000.0,0,0,0.0,0.0,0.00029584403006113584,0.0027921918216146477,0.4701657582164332,0.5298342417835669,0.2,False
2023-01-20,100000.0,0,0,0.0,0.0,0.00028425682061992513,0.00278690238836451,0.47126564585248987,0.5287343541475101,0.2,False
2023-01-23,100000.0,0,0,0.0,0.0,0.0002769168943746325,0.002783619439129925,0.4716769483484131,0.5283230516515869,0.2,False
2023-01-24,100000.0,0,0,0.0,0.0,0.00028410512096135545,0.0027851004961983433,0.47181781274089185,0.5281821872591081,0.2,False
2023-01-25,100000.0,0,0,0.0,0.0,0.0003538603702868614,0.0027789189355156385,0.4714752249032104,0.5285247750967896,0.2,False
2023-01-26,100000.0,0,0,0.0,0.0,0.0003103246534625706,0.0027800498803448683,0.47292792665673444,0.5270720733432656,0.2,False
2023-01-27,100000.0,0,0,0.0,0.0,0.0002661468859156186,0.002777553970925198,0.47250148105422435,0.5274985189457757,0.2,False
2023-01-30,100000.0,0,0,0.0,0.0,0.0002693074905864862,0.0027916545587962542,0.4741755773845054,0.5258244226154947,0.2,False
2023-01-31,100000.0,0,0,0.0,0.0,0.00019531949996425574,0.0027973655303443444,0.47944333835650355,0.5205566616434965,0.2,False
2023-02-01,100000.0,0,0,0.0,0.0,0.0,0.002901386035836273,0.4795494362345562,0.5204505637654437,0.2,False
2023-02-02,100000.0,0,0,0.0,0.0,0.0,0.0029085499506755637,0.478169721181704,0.521830278818296,0.2,False
2023-02-03,100000.0,0,0,0.0,0.0,0.0,0.002927998368195232,0.47268375842748767,0.5273162415725123,0.2,False
2023-02-06,100000.0,0,0,0.0,0.0,0.0,0.002935812186673553,0.47265044637074183,0.5273495536292582,0.2,False
2023-02-07,100000.0,0,0,0.0,0.0,0.0,0.002926061514418433,0.47366920684769465,0.5263307931523054,0.2,False
2023-02-08,100000.0,0,0,0.0,0.0,0.0,0.0029326892936857563,0.4735514693421421,0.5264485306578579,0.2,False
2023-02-09,100000.0,0,0,0.0,0.0,0.0,0.0029327050538071053,0.47426645742335416,0.5257335425766458,0.2,False
2023-02-10,100000.0,0,0,0.0,0.0,0.0,0.002928089262273895,0.4760523978780682,0.5239476021219318,0.2,False
2023-02-13,100000.0,0,0,0.0,0.0,0.0,0.0029215188041767466,0.47478646279813747,0.5252135372018625,0.2,False
2023-02-14,100000.0,0,0,0.0,0.0,0.0,0.002924638137762817,0.4745435108550711,0.5254564891449289,0.2,False
2023-02-15,100000.0,0,0,0.0,0.0,0.0,0.002955529962226589,0.4655761490206657,0.5344238509793343,0.2,False
2023-02-16,100000.0,0,0,0.0,0.0,0.0,0.002957716766502313,0.46706417098831243,0.5329358290116876,0.2,False
2023-02-17,100000.0,0,0,0.0,0.0,0.0,0.0029598968368102943,0.4673035096986509,0.5326964903013491,0.2,False
2023-02-21,100000.0,0,0,0.0,0.0,0.0,0.002953521507125348,0.4739024470270119,0.5260975529729881,0.2,False
2023-02-22,100000.0,0,0,0.0,0.0,0.0,0.002952525503209776,0.4753191654942559,0.5246808345057441,0.2,False
2023-02-23,100000.0,0,0,0.0,0.0,0.0,0.0029523462559355087,0.47563353415145765,0.5243664658485423,0.2,False
2023-02-24,100000.0,0,0,0.0,0.0,0.0,0.002978254712738376,0.4683478510821385,0.5316521489178615,0.2,False
2023-02-27,100000.0,0,0,0.0,0.0,0.0,0.002976792813163275,0.467246562731473,0.532753437268527,0.2,False
2023-02-28,100000.0,0,0,0.0,0.0,0.0,0.002981463380921367,0.4676749272984836,0.5323250727015164,0.2,False
2023-03-01,100000.0,0,0,0.0,0.0,0.0,0.0029778045779994106,0.46665093653609696,0.5333490634639031,0.2,False
2023-03-02,100000.0,0,0,0.0,0.0,0.0,0.0029766108301287853,0.4669148505944514,0.5330851494055486,0.2,False
2023-03-03,100000.0,0,0,0.0,0.0,0.0,0.0029683091851236926,0.46599544879104743,0.5340045512089526,0.2,False
2023-03-06,100000.0,0,0,0.0,0.0,0.0,0.002977839886990485,0.46448845468259325,0.5355115453174067,0.2,False
2023-03-07,100000.0,0,0,0.0,0.0,0.0,0.0029839632608217896,0.46792673789650363,0.5320732621034964,0.2,False
2023-03-08,100000.0,0,0,0.0,0.0,0.0,0.0029837801573830845,0.46699617248627856,0.5330038275137214,0.2,False
2023-03-09,100000.0,0,0,0.0,0.0,0.0,0.002985531427897355,0.4704178582887212,0.5295821417112788,0.2,False
2023-03-10,100000.0,0,0,0.0,0.0,0.0,0.0029973261161517595,0.4707222381112772,0.5292777618887228,0.2,False
2023-03-13,100000.0,0,0,0.0,0.0,0.0,0.003001710571577586,0.47045671749825746,0.5295432825017425,0.2,False
2023-03-14,100000.0,0,0,0.0,0.0,0.0,0.0029976314488386144,0.46854292889582216,0.5314570711041778,0.2,False
2023-03-15,100000.0,0,0,0.0,0.0,0.0,0.00301742026472116,0.46741054208917504,0.532589457910825,0.2,False
2023-03-16,100000.0,0,0,0.0,0.0,0.0,0.0030081883376277415,0.4681418100853986,0.5318581899146013,0.2,False
2023-03-17,100000.0,0,0,0.0,0.0,0.0,0.0030095550436708028,0.46989857028760623,0.5301014297123938,0.2,False
2023-03-20,100000.0,0,0,0.0,0.0,0.0,0.002990906676709288,0.47374276549235717,0.5262572345076428,0.2,False
2023-03-21,100000.0,0,0,0.0,0.0,0.0,0.0029877733524185128,0.4746244931191185,0.5253755068808815,0.2,False
2023-03-22,100000.0,0,0,0.0,0.0,0.0,0.0029892872387028654,0.4751499479399012,0.5248500520600988,0.2,False
2023-03-23,100000.0,0,0,0.0,0.0,0.0,0.0029935936033028765,0.4753271148482117,0.5246728851517883,0.2,False
2023-03-24,100000.0,0,0,0.0,0.0,0.0,0.0029931021095978435,0.47556099462746954,0.5244390053725305,0.2,False
2023-03-27,100000.0,0,0,0.0,0.0,0.0,0.0029782246370083547,0.4787910888922426,0.5212089111077574,0.2,False
2023-03-28,100000.0,0,0,0.0,0.0,0.0,0.0029752096260963552,0.47816740548900777,0.5218325945109923,0.2,False
2023-03-29,100000.0,0,0,0.0,0.0,0.0,0.0029624683769472857,0.48022798478817136,0.5197720152118286,0.2,False
2023-03-30,100000.0,0,0,0.0,0.0,0.0,0.0029578102678311036,0.47854647610631224,0.5214535238936877,0.2,False
2023-03-31,100000.0,0,0,0.0,0.0,0.0,0.002950579037943894,0.47992422556541325,0.5200757744345867,0.2,False
2023-04-03,100000.0,0,0,0.0,0.0,0.0,0.0029322183024637514,0.48212913174437855,0.5178708682556215,0.2,False
2023-04-04,100000.0,0,0,0.0,0.0,0.0,0.0029384436990586658,0.4811993182874587,0.5188006817125412,0.2,False
2023-04-05,100000.0,0,0,0.0,0.0,0.0,0.0029404116506591108,0.48211651786175935,0.5178834821382406,0.2,False
2023-04-06,100000.0,0,0,0.0,0.0,0.0,0.0029403291170996865,0.4823250181750858,0.5176749818249142,0.2,False
2023-04-10,100000.0,0,0,0.0,0.0,0.0,0.0029392920382446293,0.4823006728956659,0.5176993271043341,0.2,False
2023-04-11,100000.0,0,0,0.0,0.0,0.0,0.0029315953250794976,0.4826627378322908,0.5173372621677093,0.2,False
2023-04-12,100000.0,0,0,0.0,0.0,0.0,0.0029294477179183888,0.48234330158998556,0.5176566984100144,0.2,False
2023-04-13,100000.0,0,0,0.0,0.0,0.0,0.0029192974793239668,0.48257154167590455,0.5174284583240955,0.2,False
2023-04-14,100000.0,0,0,0.0,0.0,0.0,0.0029312366719784163,0.47964438232939743,0.5203556176706026,0.2,False
2023-04-17,100000.0,0,0,0.0,0.0,0.0,0.0029321516663530756,0.47901557936029815,0.5209844206397019,0.2,False
2023-04-18,100000.0,0,0,0.0,0.0,0.0,0.0029295412718297466,0.47857857019892586,0.5214214298010742,0.2,False
2023-04-19,100000.0,0,0,0.0,0.0,0.0,0.002930143629252307,0.4795035976593933,0.5204964023406067,0.2,False
2023-04-20,100000.0,0,0,0.0,0.0,0.0,0.002928539448168473,0.4807983553431275,0.5192016446568726,0.2,False
2023-04-21,100000.0,0,0,0.0,0.0,0.0,0.0029413851499782845,0.4772277568754671,0.522772243124533,0.2,False
2023-04-24,100000.0,0,0,0.0,0.0,0.0,0.0029428767272748364,0.47620966388954744,0.5237903361104526,0.2,False
2023-04-25,100000.0,0,0,0.0,0.0,0.0,0.002945710880155261,0.4808371513805614,0.5191628486194386,0.2,False
2023-04-26,100000.0,0,0,0.0,0.0,0.0,0.002945187770784021,0.48186476573718934,0.5181352342628107,0.2,False
2023-04-27,100000.0,0,0,0.0,0.0,0.0,0.0029360383739392205,0.48218197664900886,0.5178180233509911,0.2,False
2023-04-28,100000.0,0,0,0.0,0.0,0.0,0.002925358803068061,0.48522828849535277,0.5147717115046473,0.2,False
2023-05-01,100000.0,0,0,0.0,0.0,0.0,0.0029251277910129305,0.48575336277332987,0.5142466372266701,0.2,False
2023-05-02,100000.0,0,0,0.0,0.0,0.0,0.00291844810587135,0.4924983300540385,0.5075016699459616,0.2,False
2023-05-03,100000.0,0,0,0.0,0.0,0.0,0.0029228051475799215,0.49281368912051116,0.5071863108794888,0.2,False
2023-05-04,100000.0,0,0,0.0,0.0,0.0,0.002920881709681649,0.4929643013956227,0.5070356986043774,0.2,False
2023-05-05,100000.0,0,0,0.0,0.0,0.0,0.002904242019749413,0.492219914672853,0.507780085327147,0.2,False
2023-05-08,100000.0,0,0,0.0,0.0,0.0,0.002902520637081934,0.4921346651627973,0.5078653348372026,0.2,False
2023-05-09,100000.0,0,0,0.0,0.0,0.0,0.002908994034034569,0.49105220110165293,0.5089477988983471,0.2,False
2023-05-10,100000.0,0,0,0.0,0.0,0.0,0.0029081204313876007,0.4914352386605878,0.5085647613394122,0.2,False
2023-05-11,100000.0,0,0,0.0,0.0,0.0,0.00291378826365772,0.4926826836135616,0.5073173163864384,0.2,False
2023-05-12,100000.0,0,0,0.0,0.0,0.0,0.0029158787974135738,0.4931069512488886,0.5068930487511114,0.2,False
2023-05-15,100000.0,0,0,0.0,0.0,0.0,0.002905521650571058,0.49402441714125117,0.5059755828587489,0.2,False
2023-05-16,100000.0,0,0,0.0,0.0,0.0,0.0029198575711169923,0.49316222275770427,0.5068377772422957,0.2,False
2023-05-17,100000.0,0,0,0.0,0.0,0.0,0.0029176034923266716,0.49152382650127135,0.5084761734987286,0.2,False
2023-05-18,100000.0,0,0,0.0,0.0,0.0,0.0029223029242055882,0.49111054211662347,0.5088894578833765,0.2,False
2023-05-19,100000.0,0,0,0.0,0.0,0.0,0.002921678069366775,0.4891575322867716,0.5108424677132284,0.2,False
2023-05-22,100000.0,0,0,0.0,0.0,0.0,0.0029220949038015606,0.48881355587130704,0.511186444128693,0.2,False
2023-05-23,100000.0,0,0,0.0,0.0,0.0,0.002930272609603924,0.48883548803862137,0.5111645119613786,0.2,False
2023-05-24,100000.0,0,0,0.0,0.0,0.0,0.0029459725855336713,0.48859238442335934,0.5114076155766407,0.2,False
2023-05-25,100000.0,0,0,0.0,0.0,0.0,0.002952627244267116,0.48870270834542784,0.5112972916545722,0.2,False
2023-05-26,100000.0,0,0,0.0,0.0,0.0,0.0029577272239198235,0.4830968896176049,0.5169031103823951,0.2,False
2023-05-30,100000.0,0,0,0.0,0.0,0.0,0.00296307109347913,0.4822552661109062,0.5177447338890938,0.2,False
2023-05-31,100000.0,0,0,0.0,0.0,0.0,0.0029869735614732936,0.47656607202911566,0.5234339279708844,0.2,False
2023-06-01,100000.0,0,0,0.0,0.0,0.0,0.0029928546739094505,0.4681427539673904,0.5318572460326096,0.2,False
2023-06-02,100000.0,0,0,0.0,0.0,0.0,0.002966083752550411,0.4743390595376536,0.5256609404623465,0.2,False
2023-06-05,100000.0,0,0,0.0,0.0,0.0,0.0029677526124403052,0.4756592153382541,0.5243407846617458,0.2,False
2023-06-06,100000.0,0,0,0.0,0.0,0.0,0.00295733992548328,0.47716179679256704,0.522838203207433,0.2,False
2023-06-07,100000.0,0,0,0.0,0.0,0.0,0.0029793750538195667,0.47496876200251986,0.5250312379974802,0.2,False
2023-06-08,100000.0,0,0,0.0,0.0,0.0,0.0029882183349625047,0.4685293796425585,0.5314706203574415,0.2,False
2023-06-09,100000.0,0,0,0.0,0.0,0.0,0.0029920377895503517,0.46725806379849866,0.5327419362015013,0.2,False
2023-06-12,100000.0,0,0,0.0,0.0,0.0,0.002990976843642724,0.46658991575549935,0.5334100842445006,0.2,False
2023-06-13,100000.0,0,0,0.0,0.0,0.0,0.002988633480145567,0.46437740860051424,0.5356225913994858,0.2,False
2023-06-14,100000.0,0,0,0.0,0.0,0.0,0.002988248153182011,0.4637045348917258,0.5362954651082742,0.2,False
2023-06-15,100000.0,0,0,0.0,0.0,0.0,0.002987307205136376,0.45936915535495465,0.5406308446450454,0.2,False
2023-06-16,100000.0,0,0,0.0,0.0,0.0,0.002989116521109791,0.4583168784873332,0.5416831215126667,0.2,False
2023-06-20,100000.0,0,0,0.0,0.0,0.0,0.00298008738231318,0.4645997005702543,0.5354002994297458,0.2,False
2023-06-21,100000.0,0,0,0.0,0.0,0.0,0.0029779205784566344,0.46541568734121774,0.5345843126587823,0.2,False
2023-06-22,100000.0,0,0,0.0,0.0,0.0,0.0030167753815426093,0.4532352948658253,0.5467647051341746,0.2,False
2023-06-23,100000.0,0,0,0.0,0.0,0.0,0.0030592294456058804,0.44067915001528685,0.5593208499847131,0.2,False
2023-06-26,100000.0,0,0,0.0,0.0,0.0,0.0030497650916241795,0.4433456074445207,0.5566543925554793,0.2,False
2023-06-27,100000.0,0,0,0.0,0.0,0.0,0.0030425980346019143,0.4438218200522789,0.5561781799477211,0.2,False
2023-06-28,100000.0,0,0,0.0,0.0,0.0,0.0030454990086365473,0.4433667191814973,0.5566332808185027,0.2,False
2023-06-29,100000.0,0,0,0.0,0.0,0.0,0.0030411851373766978,0.4439222595715725,0.5560777404284275,0.2,False
2023-06-30,100000.0,0,0,0.0,0.0,0.0,0.003027498125540424,0.44651484391734464,0.5534851560826554,0.2,False
2023-07-03,100000.0,0,0,0.0,0.0,0.0,0.0030213385999732128,0.4474244575141623,0.5525755424858376,0.2,False
2023-07-05,100000.0,0,0,0.0,0.0,0.0,0.003020118395603043,0.45148807429065724,0.5485119257093427,0.2,False
2023-07-06,100000.0,0,0,0.0,0.0,0.0,0.0030316607870517157,0.4535058505827792,0.5464941494172209,0.2,False
2023-07-07,100000.0,0,0,0.0,0.0,0.0,0.003026041523935388,0.4539382460673536,0.5460617539326464,0.2,False
2023-07-10,100000.0,0,0,0.0,0.0,0.0,0.003027797301832772,0.45363046692965286,0.5463695330703471,0.2,False
2023-07-11,100000.0,0,0,0.0,0.0,0.0,0.003031178561623147,0.44916038346718273,0.5508396165328173,0.2,False
2023-07-12,100000.0,0,0,0.0,0.0,0.0,0.0030338144400882837,0.4424522937646677,0.5575477062353322,0.2,False
2023-07-13,100000.0,0,0,0.0,0.0,0.0,0.003032447266017484,0.4367704671649492,0.5632295328350507,0.2,False
2023-07-14,100000.0,0,0,0.0,0.0,0.0,0.0030346190063890856,0.4374668849675112,0.5625331150324888,0.2,False
2023-07-17,100000.0,0,0,0.0,0.0,0.0,0.003037539883826926,0.4369279816667588,0.5630720183332412,0.2,False
2023-07-18,100000.0,0,0,0.0,0.0,0.0,0.0030287127315936613,0.43834918416171564,0.5616508158382844,0.2,False
2023-07-19,100000.0,0,0,0.0,0.0,0.0,0.003027778629902399,0.43861401883905865,0.5613859811609414,0.2,False
2023-07-20,100000.0,0,0,0.0,0.0,0.0,0.003027433387435636,0.4394367245449814,0.5605632754550186,0.2,False
2023-07-21,100000.0,0,0,0.0,0.0,0.0,0.0030282473083257204,0.4392058979463256,0.5607941020536744,0.2,False
2023-07-24,100000.0,0,0,0.0,0.0,0.0,0.0030244554974435413,0.4398796775036825,0.5601203224963175,0.2,False
2023-07-25,100000.0,0,0,0.0,0.0,0.0,0.00302413257987877,0.43845919247395365,0.5615408075260464,0.2,False
2023-07-26,100000.0,0,0,0.0,0.0,0.0,0.003024530270655218,0.43816237104916417,0.5618376289508358,0.2,False
2023-07-27,100000.0,0,0,0.0,0.0,0.0,0.0030270822617766897,0.43977429434403814,0.5602257056559619,0.2,False
2023-07-28,100000.0,0,0,0.0,0.0,0.0,0.0030270053362021726,0.4399799676980947,0.5600200323019053,0.2,False
2023-07-31,100000.0,0,0,0.0,0.0,0.0,0.003020317021462676,0.4401077286088752,0.5598922713911247,0.2,False
2023-08-01,100000.0,0,0,0.0,0.0,0.0,0.0030360170567904844,0.43774471804631315,0.5622552819536868,0.2,False
2023-08-02,100000.0,0,0,0.0,0.0,0.0,0.003047468291958886,0.43973054325523997,0.56026945674476,0.2,False
2023-08-03,100000.0,0,0,0.0,0.0,0.0,0.003046516329930744,0.4409998474855681,0.5590001525144319,0.2,False
2023-08-04,100000.0,0,0,0.0,0.0,0.0,0.0030444691225697007,0.44060073779675485,0.5593992622032451,0.2,False
2023-08-07,100000.0,0,0,0.0,0.0,0.0,0.003042693401125513,0.44060580193849463,0.5593941980615054,0.2,False
2023-08-08,100000.0,0,0,0.0,0.0,0.0,0.003044947635088388,0.44122696086216573,0.5587730391378343,0.2,False
2023-08-09,100000.0,0,0,0.0,0.0,0.0,0.0030420214587423204,0.4414580921992747,0.5585419078007253,0.2,False
2023-08-10,100000.0,0,0,0.0,0.0,0.0,0.0030429530303004693,0.44164299616548647,0.5583570038345136,0.2,False
2023-08-11,100000.0,0,0,0.0,0.0,0.0,0.0030488254808337125,0.4398081856168816,0.5601918143831184,0.2,False
2023-08-14,100000.0,0,0,0.0,0.0,0.0,0.0030510247713937486,0.4405500639714322,0.5594499360285679,0.2,False
2023-08-15,100000.0,0,0,0.0,0.0,0.0,0.0030291892676339266,0.45555475465977824,0.5444452453402218,0.2,False
2023-08-16,100000.0,0,0,0.0,0.0,0.0,0.0030324848424984727,0.4561465697219056,0.5438534302780944,0.2,False
2023-08-17,100000.0,0,0,0.0,0.0,0.0,0.0030395761475249415,0.45536799347241075,0.5446320065275893,0.2,False
2023-08-18,100000.0,0,0,0.0,0.0,0.0,0.0030404122030091934,0.45504861349982123,0.5449513865001787,0.2,False
2023-08-21,100000.0,0,0,0.0,0.0,0.0,0.0030404278672220937,0.45449905405518876,0.5455009459448112,0.2,False
2023-08-22,100000.0,0,0,0.0,0.0,0.0,0.003043546297332355,0.45506438705994035,0.5449356129400597,0.2,False
2023-08-23,100000.0,0,0,0.0,0.0,0.0,0.003040218941313502,0.45215220557805785,0.5478477944219422,0.2,False
2023-08-24,100000.0,0,0,0.0,0.0,0.0,0.0030670435476686892,0.4453194629837915,0.5546805370162085,0.2,False
2023-08-25,100000.0,0,0,0.0,0.0,0.0,0.003071443050657092,0.4415890727871925,0.5584109272128075,0.2,False
2023-08-28,100000.0,0,0,0.0,0.0,0.0,0.0030623278263159927,0.4425727699378995,0.5574272300621005,0.2,False
2023-08-29,100000.0,0,0,0.0,0.0,0.0,0.003044630648765165,0.444736736757905,0.5552632632420951,0.2,False
2023-08-30,100000.0,0,0,0.0,0.0,0.0,0.0030394556295861943,0.4452019979692157,0.5547980020307843,0.2,False
2023-08-31,100000.0,0,0,0.0,0.0,0.0,0.0030397065683541273,0.44523215362740803,0.554767846372592,0.2,False
2023-09-01,100000.0,0,0,0.0,0.0,0.0,0.0030328884773020604,0.4469502258615316,0.5530497741384683,0.2,False
2023-09-05,100000.0,0,0,0.0,0.0,0.0,0.003034427868186835,0.4492484256169489,0.5507515743830511,0.2,False
2023-09-06,100000.0,0,0,0.0,0.0,0.0,0.003035819013860216,0.45150394368712854,0.5484960563128715,0.2,False
2023-09-07,100000.0,0,0,0.0,0.0,0.0,0.0030351060472955387,0.4538688281698308,0.5461311718301691,0.2,False
2023-09-08,100000.0,0,0,0.0,0.0,0.0,0.003034237784836172,0.4542813429502484,0.5457186570497516,0.2,False
2023-09-11,100000.0,0,0,0.0,0.0,0.0,0.003031747517996179,0.45121967245787503,0.548780327542125,0.2,False
2023-09-12,100000.0,0,0,0.0,0.0,0.0,0.0030329843917904784,0.45084324758988803,0.549156752410112,0.2,False
2023-09-13,100000.0,0,0,0.0,0.0,0.0,0.003033751877310705,0.45055771926753335,0.5494422807324666,0.2,False
2023-09-14,100000.0,0,0,0.0,0.0,0.0,0.003013669355348883,0.45340655994542106,0.5465934400545789,0.2,False
2023-09-15,100000.0,0,0,0.0,0.0,0.0,0.0030145928370115533,0.45343102322053086,0.5465689767794691,0.2,False
2023-09-18,100000.0,0,0,0.0,0.0,0.0,0.003015988898682326,0.4536870152364298,0.5463129847635702,0.2,False
2023-09-19,100000.0,0,0,0.0,0.0,0.0,0.0030117309768810142,0.45755111413234945,0.5424488858676506,0.2,False
2023-09-20,100000.0,0,0,0.0,0.0,0.0,0.003011820620339219,0.4579588406540433,0.5420411593459566,0.2,False
2023-09-21,100000.0,0,0,0.0,0.0,0.0,0.0030515279652561607,0.4499972807250072,0.5500027192749928,0.2,False
2023-09-22,100000.0,0,0,0.0,0.0,0.0,0.003064296082296326,0.4423893462481467,0.5576106537518533,0.2,False
2023-09-25,100000.0,0,0,0.0,0.0,0.0,0.0030645171771369927,0.44168205220393975,0.5583179477960603,0.2,False
2023-09-26,100000.0,0,0,0.0,0.0,0.0,0.003061903333950585,0.44715622703140595,0.552843772968594,0.2,False
2023-09-27,100000.0,0,0,0.0,0.0,0.0,0.0030625542786941445,0.4487198641280229,0.5512801358719771,0.2,False
2023-09-28,100000.0,0,0,0.0,0.0,0.0,0.0030607733965763713,0.44475997029927467,0.5552400297007254,0.2,False
2023-09-29,100000.0,0,0,0.0,0.0,0.0,0.0030636320904910063,0.44541028269641875,0.5545897173035812,0.2,False
2023-10-02,100000.0,0,0,0.0,0.0,0.0,0.003062213050998618,0.4539322177000189,0.5460677822999811,0.2,False
2023-10-03,100000.0,0,0,0.0,0.0,0.0,0.003065759142656313,0.4559861935748858,0.5440138064251142,0.2,False
2023-10-04,100000.0,0,0,0.0,0.0,0.0,0.003067087276031704,0.4550885760072998,0.5449114239927002,0.2,False
2023-10-05,100000.0,0,0,0.0,0.0,0.0,0.00305881442227281,0.4559074075404423,0.5440925924595577,0.2,False
2023-10-06,100000.0,0,0,0.0,0.0,0.0,0.003054010892985409,0.4531802883363725,0.5468197116636275,0.2,False
2023-10-09,100000.0,0,0,0.0,0.0,0.0,0.0030404286281845118,0.4575737155052422,0.5424262844947578,0.2,False
2023-10-10,100000.0,0,0,0.0,0.0,0.0,0.003034581511845324,0.45707873382490305,0.542921266175097,0.2,False
2023-10-11,100000.0,0,0,0.0,0.0,0.0,0.0030266300697898577,0.4590452077394981,0.5409547922605019,0.2,False
2023-10-12,100000.0,0,0,0.0,0.0,0.0,0.003055609090540971,0.45241695628880124,0.5475830437111988,0.2,False
2023-10-13,100000.0,0,0,0.0,0.0,0.0,0.0030599293765307565,0.4509718011041902,0.5490281988958098,0.2,False
2023-10-16,100000.0,0,0,0.0,0.0,0.0,0.003051822483013389,0.45062241215493265,0.5493775878450673,0.2,False
2023-10-17,100000.0,0,0,0.0,0.0,0.0,0.0030505626135640626,0.4500636964667858,0.5499363035332142,0.2,False
2023-10-18,100000.0,0,0,0.0,0.0,0.0,0.0030526926024066602,0.45521598483674364,0.5447840151632564,0.2,False
2023-10-19,100000.0,0,0,0.0,0.0,0.0,0.0030612572333030257,0.454003230980303,0.545996769019697,0.2,False
2023-10-20,100000.0,0,0,0.0,0.0,0.0,0.0030764705190300555,0.4519827714017781,0.5480172285982219,0.2,False
2023-10-23,100000.0,0,0,0.0,0.0,0.0,0.003078295759057176,0.4512524428735201,0.5487475571264799,0.2,False
2023-10-24,100000.0,0,0,0.0,0.0,0.0,0.003084880698751456,0.4469308280366936,0.5530691719633064,0.2,False
2023-10-25,100000.0,0,0,0.0,0.0,0.0,0.0031003458853042388,0.44359247999321966,0.5564075200067804,0.2,False
2023-10-26,100000.0,0,0,0.0,0.0,0.0,0.0031030544078479226,0.44333670004682435,0.5566632999531756,0.2,False
2023-10-27,100000.0,0,0,0.0,0.0,0.0,0.003101648798599675,0.44597628162087,0.55402371837913,0.2,False
2023-10-30,100000.0,0,0,0.0,0.0,0.0,0.0030890115562273663,0.4482138472856456,0.5517861527143544,0.2,False
2023-10-31,100000.0,0,0,0.0,0.0,0.0,0.0030903471870053624,0.44862688332957984,0.5513731166704201,0.2,False
2023-11-01,100000.0,0,0,0.0,0.0,0.0,0.0030875944053997415,0.44506267035819197,0.5549373296418081,0.2,False
2023-11-02,100000.0,0,0,0.0,0.0,0.0,0.002979461431356294,0.48250666833865824,0.5174933316613417,0.2,False
2023-11-03,100000.0,0,0,0.0,0.0,0.0,0.0029482301946387596,0.4918011909242624,0.5081988090757377,0.2,False
2023-11-06,100000.0,0,0,0.0,0.0,0.0,0.0029460001603738135,0.4939520613952925,0.5060479386047074,0.2,False
2023-11-07,100000.0,0,0,0.0,0.0,0.0,0.0029532698111885873,0.49525917196997726,0.5047408280300227,0.2,False
2023-11-08,100000.0,0,0,0.0,0.0,0.0,0.0029512077013156965,0.49564159194847507,0.5043584080515249,0.2,False
2023-11-09,100000.0,0,0,0.0,0.0,0.0,0.0029552468949566027,0.49514587558341633,0.5048541244165836,0.2,False
2023-11-10,100000.0,0,0,0.0,0.0,0.0,0.002953978218815924,0.4953350729157045,0.5046649270842956,0.2,False
2023-11-13,100000.0,0,0,0.0,0.0,0.0,0.0029487270231649504,0.49535921433513175,0.5046407856648683,0.2,False
2023-11-14,100000.0,0,0,0.0,0.0,0.0,0.002957242461476102,0.4830428582914167,0.5169571417085833,0.2,False
2023-11-15,100000.0,0,0,0.0,0.0,0.0,0.0029606265641769097,0.4805598765822907,0.5194401234177093,0.2,False
2023-11-16,100000.0,0,0,0.0,0.0,0.0,0.002971691275898663,0.4788085015017562,0.5211914984982438,0.2,False
2023-11-17,100000.0,0,0,0.0,0.0,0.0,0.0029638245682264853,0.47922643000225285,0.5207735699977472,0.2,False
2023-11-20,100000.0,0,0,0.0,0.0,0.0,0.00296155672265105,0.47856717112906555,0.5214328288709345,0.2,False
2023-11-21,100000.0,0,0,0.0,0.0,0.0,0.0029618692149096086,0.4789183332919707,0.5210816667080294,0.2,False
2023-11-22,100000.0,0,0,0.0,0.0,0.0,0.002964860096051799,0.47844177537231725,0.5215582246276828,0.2,False
2023-11-24,100000.0,0,0,0.0,0.0,0.0,0.0029604671344749325,0.47757127558145807,0.5224287244185419,0.2,False
2023-11-27,100000.0,0,0,0.0,0.0,0.0,0.0029705064781938963,0.47634577143806556,0.5236542285619344,0.2,False
2023-11-28,100000.0,0,0,0.0,0.0,0.0,0.0029698157367956564,0.4735953914011056,0.5264046085988944,0.2,False
2023-11-29,100000.0,0,0,0.0,0.0,0.0,0.00297412442159339,0.4720957397111148,0.5279042602888853,0.2,False
2023-11-30,100000.0,0,0,0.0,0.0,0.0,0.0029654120255173137,0.4738804512819059,0.5261195487180941,0.2,False
2023-12-01,100000.0,0,0,0.0,0.0,0.0,0.002962614079973344,0.46945278952464387,0.5305472104753561,0.2,False
2023-12-04,100000.0,0,0,0.0,0.0,0.0,0.0029891836434572743,0.4617742811395203,0.5382257188604798,0.2,False
2023-12-05,100000.0,0,0,0.0,0.0,0.0,0.0030012518513442463,0.45903141636216943,0.5409685836378306,0.2,False
2023-12-06,100000.0,0,0,0.0,0.0,0.0,0.0030022627215142185,0.45788696321049394,0.5421130367895061,0.2,False
2023-12-07,100000.0,0,0,0.0,0.0,0.0,0.0030024447244030947,0.45606179077759607,0.5439382092224039,0.2,False
2023-12-08,100000.0,0,0,0.0,0.0,0.0,0.0030011023510932142,0.45588562848768843,0.5441143715123116,0.2,False
2023-12-11,100000.0,0,0,0.0,0.0,0.0,0.0030001991509145316,0.455770189108414,0.544229810891586,0.2,False
2023-12-12,100000.0,0,0,0.0,0.0,0.0,0.002996450739325077,0.45742784683184273,0.5425721531681573,0.2,False
2023-12-13,100000.0,0,0,0.0,0.0,0.0,0.002986007180578059,0.4541876949773358,0.5458123050226642,0.2,False
2023-12-14,100000.0,0,0,0.0,0.0,0.0,0.002974371781834556,0.45433174987741076,0.5456682501225892,0.2,False
2023-12-15,100000.0,0,0,0.0,0.0,0.0,0.0029759929391996376,0.45631739553139056,0.5436826044686094,0.2,False
2023-12-18,100000.0,0,0,0.0,0.0,0.0,0.0029714340100677203,0.4564470737516551,0.543552926248345,0.2,False
2023-12-19,100000.0,0,0,0.0,0.0,0.0,0.0029661695424187734,0.4534216534891042,0.5465783465108958,0.2,False
2023-12-20,100000.0,0,0,0.0,0.0,0.0,0.00298668085853337,0.4537226417489205,0.5462773582510795,0.2,False
2023-12-21,100000.0,0,0,0.0,0.0,0.0,0.002979435743311238,0.45212919651755046,0.5478708034824495,0.2,False
2023-12-22,100000.0,0,0,0.0,0.0,0.0,0.0029733534505372813,0.4525638038401625,0.5474361961598375,0.2,False
2023-12-26,100000.0,0,0,0.0,0.0,0.0,0.0029639150664718017,0.45444611067410656,0.5455538893258934,0.2,False
2023-12-27,100000.0,0,0,0.0,0.0,0.0,0.0029591481953399703,0.4548366737041651,0.5451633262958349,0.2,False
2023-12-28,100000.0,0,0,0.0,0.0,0.0,0.002959368983682422,0.45566396645669094,0.5443360335433091,0.2,False
2023-12-29,100000.0,0,0,0.0,0.0,0.0,0.0029654959325143906,0.4539785463171707,0.5460214536828293,0.2,False
2024-01-02,100000.0,0,0,0.0,0.0,0.0007674811969358623,0.0027372294173378386,0.45622348049408873,0.5437765195059112,0.2,False
2024-01-03,100000.0,0,0,0.0,0.0,0.000578624769733469,0.002733658009951976,0.4535398027057958,0.5464601972942043,0.2,False
2024-01-04,100000.0,0,0,0.0,0.0,0.00045546199543117276,0.0027308096653087333,0.4521922921091837,0.5478077078908163,0.2,False
2024-01-05,100000.0,0,0,0.0,0.0,0.0003530452376954512,0.002729249088636744,0.45179075841676936,0.5482092415832307,0.2,False
2024-01-08,100000.0,0,0,0.0,0.0,0.0003360988246654227,0.0027272714360321495,0.45237271043870436,0.5476272895612957,0.2,False
2024-01-09,100000.0,0,0,0.0,0.0,0.00027936710992787023,0.00273246649806167,0.45233988072311687,0.5476601192768831,0.2,False
2024-01-10,100000.0,0,0,0.0,0.0,0.00019138944088296765,0.0027320443313406596,0.452014947098186,0.547985052901814,0.2,False
2024-01-11,100000.0,0,0,0.0,0.0,0.0002671423899605538,0.00273793594949422,0.45324445547616443,0.5467555445238356,0.2,False
2024-01-12,100000.0,0,0,0.0,0.0,0.0002759877625459677,0.0027353494616574256,0.45348629379001515,0.5465137062099849,0.2,False
2024-01-16,100000.0,0,0,0.0,0.0,-7.539329312509551e-05,0.003025949869584546,0.4389203071213447,0.5610796928786552,0.2,False
2024-01-17,100000.0,0,0,0.0,0.0,-2.4781153213778956e-05,0.0030327752614626603,0.4405072187232743,0.5594927812767256,0.2,False
2024-01-18,100000.0,0,0,0.0,0.0,6.550388646299822e-05,0.002711674764672594,0.43962628418260197,0.560373715817398,0.2,False
2024-01-19,100000.0,0,0,0.0,0.0,1.9698412666512497e-05,0.0027106204708692116,0.44225905830482337,0.5577409416951766,0.2,False
2024-01-22,100000.0,0,0,0.0,0.0,7.042559785606162e-05,0.002715107761378899,0.443244295979155,0.5567557040208451,0.2,False
2024-01-23,100000.0,0,0,0.0,0.0,0.0001368963695077421,0.002711584564873508,0.4426826230151136,0.5573173769848865,0.2,False
2024-01-24,100000.0,0,0,0.0,0.0,0.0002081377389398291,0.002712380026006249,0.4431181868316207,0.5568818131683793,0.2,False
2024-01-25,100000.0,0,0,0.0,0.0,0.00017117191509245214,0.002709989168551483,0.4443557405269111,0.5556442594730888,0.2,False
2024-01-26,100000.0,0,0,0.0,0.0,0.0001473884822523355,0.0027099906573691455,0.44473321995986653,0.5552667800401334,0.2,False
2024-01-29,100000.0,0,0,0.0,0.0,0.00016225172649524775,0.0027049969854993634,0.4449796713407791,0.5550203286592209,0.2,False
2024-01-30,100000.0,0,0,0.0,0.0,4.029153672922992e-05,0.002705387060418774,0.44457811923464385,0.5554218807653561,0.2,False
2024-01-31,100000.0,0,0,0.0,0.0,0.00014444733480839403,0.002728615506016182,0.45083722454287817,0.5491627754571218,0.2,False
2024-02-01,100000.0,0,0,0.0,0.0,0.0002368605081525129,0.0027329911285192154,0.4531612381028514,0.5468387618971486,0.2,False
2024-02-02,100000.0,0,0,0.0,0.0,0.0002204738617800579,0.0027401251103838496,0.4542761006866026,0.5457238993133974,0.2,False
2024-02-05,100000.0,0,0,0.0,0.0,0.0004810835550042725,0.0027728410260812707,0.46261584002833106,0.5373841599716689,0.2,False
2024-02-06,100000.0,0,0,0.0,0.0,0.0006400560165097207,0.002766466789149712,0.46304116750368596,0.536958832496314,0.2,False
2024-02-07,100000.0,0,0,0.0,0.0,0.0003156792746666078,0.0027668085482306514,0.46262304143640376,0.5373769585635962,0.2,False
2024-02-08,100000.0,0,0,0.0,0.0,0.00025369677452365575,0.0027685195882126406,0.4624423090242299,0.5375576909757701,0.2,False
2024-02-09,100000.0,0,0,0.0,0.0,0.0003263770962918036,0.0027608409500032315,0.4620894852422056,0.5379105147577944,0.2,False
2024-02-12,100000.0,0,0,0.0,0.0,0.00011547173873618631,0.002761788252878803,0.46209998229323235,0.5379000177067677,0.2,False
2024-02-13,100000.0,0,0,0.0,0.0,0.0003284534650521954,0.0028310973427621857,0.4788931332856746,0.5211068667143254,0.2,False
2024-02-14,100000.0,0,0,0.0,0.0,0.00027611488943873956,0.0028349107061780483,0.4844663855631404,0.5155336144368596,0.2,False
2024-02-15,100000.0,0,0,0.0,0.0,-1.0720549390804064e-05,0.002885938857355366,0.4920328170911162,0.5079671829088839,0.2,False
2024-02-16,100000.0,0,0,0.0,0.0,-3.5549309837191725e-05,0.0028852060368214395,0.4935384814924248,0.5064615185075751,0.2,False
2024-02-20,100000.0,0,0,0.0,0.0,0.00020631532988087491,0.0028547745118771032,0.494509866728932,0.505490133271068,0.2,False
2024-02-21,100000.0,0,0,0.0,0.0,-1.524634501466771e-06,0.0028871441093588756,0.4938496232310026,0.5061503767689974,0.2,False
2024-02-22,100000.0,0,0,0.0,0.0,-5.723976727447787e-07,0.002879667956233892,0.49371639197564504,0.5062836080243549,0.2,False
2024-02-23,100000.0,0,0,0.0,0.0,-0.00011384068990525728,0.002876704158735293,0.4939261768006738,0.5060738231993263,0.2,False
2024-02-26,100000.0,0,0,0.0,0.0,-9.473060861694725e-05,0.0028795962205931495,0.4941722026533357,0.5058277973466643,0.2,False
2024-02-27,100000.0,0,0,0.0,0.0,0.00040075265101886576,0.002845731917288064,0.4935353558676864,0.5064646441323136,0.2,False
2024-02-28,100000.0,0,0,0.0,0.0,6.524948310689559e-05,0.0028410438517406755,0.48991775773735163,0.5100822422626483,0.2,False
2024-02-29,100000.0,0,0,0.0,0.0,0.00019795829940244097,0.0028312539683506663,0.48818017860701723,0.5118198213929828,0.2,False
2024-03-01,100000.0,0,0,0.0,0.0,0.00024837617212720726,0.0028200821826955495,0.4869241774436245,0.5130758225563755,0.2,False
2024-03-04,100000.0,0,0,0.0,0.0,1.9015301880625237e-05,0.002816770843367882,0.4849420068174142,0.5150579931825858,0.2,False
2024-03-05,100000.0,0,0,0.0,0.0,-7.377828722836908e-05,0.0028984082761009133,0.4842104838996429,0.5157895161003572,0.2,False
2024-03-06,100000.0,0,0,0.0,0.0,0.00037746134988225646,0.0027875288994165834,0.47698403794553706,0.523015962054463,0.2,False
2024-03-07,100000.0,0,0,0.0,0.0,0.00046913188328074164,0.002771782421463328,0.47517711897441317,0.5248228810255868,0.2,False
2024-03-08,100000.0,0,0,0.0,0.0,0.0007108839512833448,0.00277598753010161,0.47620207176655666,0.5237979282334433,0.2,False
2024-03-11,100000.0,0,0,0.0,0.0,-0.00020144259777045523,0.002925282101178935,0.46785838999797236,0.5321416100020276,0.2,False
2024-03-12,100000.0,0,0,0.0,0.0,-0.0003539785626491827,0.002929126529268873,0.46613049852300686,0.5338695014769932,0.2,False
2024-03-13,100000.0,0,0,0.0,0.0,-0.000434455039336301,0.002921505554873914,0.46676311926230485,0.5332368807376952,0.2,False
2024-03-14,100000.0,0,0,0.0,0.0,-0.0009316449845171039,0.0029484075161952195,0.4597723497846446,0.5402276502153553,0.2,False
2024-03-15,100000.0,0,0,0.0,0.0,-0.0010908557933294023,0.0029537044466366813,0.4579761459976188,0.5420238540023812,0.2,False
2024-03-18,100000.0,0,0,0.0,0.0,-0.000948514215469156,0.0029531534184550805,0.45761838031661634,0.5423816196833837,0.2,False
2024-03-19,100000.0,0,0,0.0,0.0,-0.0008562833743503383,0.0029530868190699357,0.4575655061680604,0.5424344938319396,0.2,False
2024-03-20,100000.0,0,0,0.0,0.0,-0.0009650952700110706,0.002936260446099727,0.4607805762699193,0.5392194237300807,0.2,False
2024-03-21,100000.0,0,0,0.0,0.0,-0.0008672459554838366,0.0029342549195044633,0.4618187594122244,0.5381812405877756,0.2,False
2024-03-22,100000.0,0,0,0.0,0.0,-0.0006430152206224897,0.002930431821403057,0.4660106366195101,0.53398936338049,0.2,False
2024-03-25,100000.0,0,0,0.0,0.0,-0.0003933665474072668,0.0029278980951386187,0.4665430825893555,0.5334569174106445,0.2,False
2024-03-26,100000.0,0,0,0.0,0.0,-0.00045381286723423836,0.0029289235159956103,0.4665048435198363,0.5334951564801638,0.2,False
2024-03-27,100000.0,0,0,0.0,0.0,-0.00010211453845758812,0.0029321146955115585,0.46217763074656926,0.5378223692534307,0.2,False
2024-03-28,100000.0,0,0,0.0,0.0,-0.00041055622393444604,0.002931698511499847,0.4619772306532584,0.5380227693467416,0.2,False
2024-04-01,100000.0,0,0,0.0,0.0,-0.0005075515530712662,0.0029327832223316618,0.46165338606127365,0.5383466139387263,0.2,False
2024-04-02,100000.0,0,0,0.0,0.0,-0.00036421402743083204,0.0029326830112699855,0.4628563793011739,0.537143620698826,0.2,False
2024-04-03,100000.0,0,0,0.0,0.0,-0.00048260039291045533,0.002927847739203227,0.46352838659866513,0.5364716134013349,0.2,False
2024-04-04,100000.0,0,0,0.0,0.0,-0.0005410678156804947,0.002933057451727171,0.46359677585031456,0.5364032241496854,0.2,False
2024-04-05,100000.0,0,0,0.0,0.0,-0.0006202263178423505,0.0029253259907442786,0.46457100332778195,0.5354289966722181,0.2,False
2024-04-08,100000.0,0,0,0.0,0.0,-0.00036825560769346315,0.0029249062172622907,0.4638234196398503,0.5361765803601497,0.2,False
2024-04-09,100000.0,0,0,0.0,0.0,-0.0002940102353289645,0.0029231220695990845,0.4633412748911675,0.5366587251088325,0.2,False
2024-04-10,100000.0,0,0,0.0,0.0,-0.0007594989017214761,0.0029523411227190947,0.4554632664339004,0.5445367335660996,0.2,False
2024-04-11,100000.0,0,0,0.0,0.0,-0.000305986825967453,0.0029555816231353065,0.4552955917837199,0.5447044082162801,0.2,False
2024-04-12,100000.0,0,0,0.0,0.0,-0.0004351795904718475,0.0029629152921946057,0.45671775379619367,0.5432822462038063,0.2,False
2024-04-15,100000.0,0,0,0.0,0.0,-0.00042593816018563597,0.0029651585374987997,0.4578642441107403,0.5421357558892597,0.2,False
2024-04-16,100000.0,0,0,0.0,0.0,-0.0011962420233778714,0.0030002452214618687,0.4471490134892834,0.5528509865107166,0.2,False
2024-04-17,100000.0,0,0,0.0,0.0,-0.0007875803361135866,0.003008119661042491,0.4414875096990177,0.5585124903009824,0.2,False
2024-04-18,100000.0,0,0,0.0,0.0,-0.001357780543303518,0.003017161525945706,0.4383506871392232,0.5616493128607768,0.2,False
2024-04-19,100000.0,0,0,0.0,0.0,-0.0015586094773832899,0.0030109501378187725,0.43984748765175785,0.5601525123482421,0.2,False
2024-04-22,100000.0,0,0,0.0,0.0,-0.0012016861292034693,0.003011831852911774,0.4371715057277619,0.5628284942722381,0.2,False
2024-04-23,100000.0,0,0,0.0,0.0,-0.0011796695186420026,0.003003367769293668,0.4380346526023032,0.5619653473976969,0.2,False
2024-04-24,100000.0,0,0,0.0,0.0,-0.0009625265742197168,0.0029986879540998914,0.44160848696845184,0.5583915130315482,0.2,False
2024-04-25,100000.0,0,0,0.0,0.0,-0.0014340080461582095,0.0030003212974072154,0.4415789711361775,0.5584210288638225,0.2,False
2024-04-26,100000.0,0,0,0.0,0.0,-0.0012552120858493878,0.0030002787700480413,0.44079203776755765,0.5592079622324424,0.2,False
2024-04-29,100000.0,0,0,0.0,0.0,-0.0008343799060761975,0.003003599070852069,0.43780506279334536,0.5621949372066546,0.2,False
2024-04-30,100000.0,0,0,0.0,0.0,-0.00102288641753138,0.00301264885435107,0.44016750151839923,0.5598324984816008,0.2,False
2024-05-01,100000.0,0,0,0.0,0.0,-0.0010400006051365328,0.0030103947214044115,0.4404431383526097,0.5595568616473903,0.2,False
2024-05-02,100000.0,0,0,0.0,0.0,-0.0006060204190137949,0.003009622451844404,0.43616939813324807,0.5638306018667519,0.2,False
2024-05-03,100000.0,0,0,0.0,0.0,-0.00014074903556023983,0.003014190698996251,0.4315079103396556,0.5684920896603445,0.2,False
2024-05-06,100000.0,0,0,0.0,0.0,-0.00036109073757500704,0.002994760127890364,0.43674218006592663,0.5632578199340734,0.2,False
2024-05-07,100000.0,0,0,0.0,0.0,0.0003013119083560077,0.0026593116484552176,0.4363267592942986,0.5636732407057015,0.2,False
2024-05-08,100000.0,0,0,0.0,0.0,0.00015153594146639205,0.0026599386393894447,0.4357501428805673,0.5642498571194328,0.2,False
2024-05-09,100000.0,0,0,0.0,0.0,-0.00044989065271350016,0.0029877457276414683,0.4391117044150292,0.5608882955849708,0.2,False
2024-05-10,100000.0,0,0,0.0,0.0,-0.00032746593287306605,0.002985857760363044,0.44025089408555634,0.5597491059144437,0.2,False
2024-05-13,100000.0,0,0,0.0,0.0,-0.00010799665841952914,0.0029837370623684543,0.4408111937909942,0.5591888062090058,0.2,False
2024-05-14,100000.0,0,0,0.0,0.0,0.00017428303647805813,0.0026676527928688842,0.4401091096681402,0.5598908903318598,0.2,False
2024-05-15,100000.0,0,0,0.0,0.0,0.0007711014706507407,0.002645480802368263,0.4345813398981638,0.5654186601018363,0.2,False
2024-05-16,100000.0,0,0,0.0,0.0,0.001005715052935231,0.002638483216691468,0.43311874816437,0.56688125183563,0.2,False
2024-05-17,100000.0,0,0,0.0,0.0,0.0007942107476120258,0.002642196741872071,0.43493645982696655,0.5650635401730335,0.2,False
2024-05-20,100000.0,0,0,0.0,0.0,0.0003806318573540549,0.002638846070856828,0.4332351770155142,0.5667648229844858,0.2,False
2024-05-21,100000.0,0,0,0.0,0.0,0.0005861381318683984,0.002639466806772568,0.4335460835511583,0.5664539164488417,0.2,False
2024-05-22,100000.0,0,0,0.0,0.0,-2.6304962051037502e-05,0.0030161523813074676,0.42551111031873246,0.5744888896812675,0.2,False
2024-05-23,100000.0,0,0,0.0,0.0,0.00016858373605516306,0.0026376571160563254,0.42780268433334334,0.5721973156666567,0.2,False
2024-05-24,100000.0,0,0,0.0,0.0,4.929907194647263e-05,0.0026420387830870247,0.4320709646737805,0.5679290353262195,0.2,False
2024-05-28,100000.0,0,0,0.0,0.0,-2.7937236892554564e-05,0.00300095138533085,0.4328429286754138,0.5671570713245861,0.2,False
2024-05-29,100000.0,0,0,0.0,0.0,0.0002314088371353838,0.0027061630899468405,0.4481305647477306,0.5518694352522694,0.2,False
2024-05-30,100000.0,0,0,0.0,0.0,0.00016804156176637453,0.0027157362910531077,0.45370373384645024,0.5462962661535498,0.2,False
2024-05-31,100000.0,0,0,0.0,0.0,-0.00016815105379933173,0.0029319293476000458,0.4618415753182173,0.5381584246817828,0.2,False
2024-06-03,100000.0,0,0,0.0,0.0,0.0008941154464303929,0.0027428121548979637,0.4652855948558254,0.5347144051441746,0.2,False
2024-06-04,100000.0,0,0,0.0,0.0,0.0010295938404523556,0.002751909220386156,0.46777530198253225,0.5322246980174677,0.2,False
2024-06-05,100000.0,0,0,0.0,0.0,0.00145318144222111,0.0027409902811709446,0.4654381238482737,0.5345618761517263,0.2,False
2024-06-06,100000.0,0,0,0.0,0.0,0.0015688311786387903,0.0027358503657915504,0.46472599351353017,0.5352740064864698,0.2,False
2024-06-07,100000.0,0,0,0.0,0.0,0.0014787854670755298,0.0027463512137464326,0.46570606852118285,0.5342939314788171,0.2,False
2024-06-10,100000.0,0,0,0.0,0.0,0.001404380555535807,0.0027474303379537253,0.4660643193460629,0.533935680653937,0.2,False
2024-06-11,100000.0,0,0,0.0,0.0,0.0011959426068737953,0.0027585832226743765,0.4649168478525214,0.5350831521474786,0.2,False
2024-06-12,100000.0,0,0,0.0,0.0,0.001817399409027412,0.0027359905457182867,0.4597471764924481,0.5402528235075519,0.2,False
2024-06-13,100000.0,0,0,0.0,0.0,0.0023675800995222357,0.002758921211873532,0.4652946971419989,0.5347053028580011,0.2,False
2024-06-14,100000.0,0,0,0.0,0.0,0.0019147503420960162,0.002759496845401793,0.46453964732403963,0.5354603526759604,0.2,False
2024-06-17,100000.0,0,0,0.0,0.0,0.0022399755203997675,0.0027602697722487013,0.46416729963115416,0.5358327003688459,0.2,False
2024-06-18,100000.0,0,0,0.0,0.0,0.002939124319284509,0.0036892672221444,0.46005973054301735,0.5399402694569826,0.05,False
2024-06-20,100000.0,0,0,0.0,0.0,0.002868698697037725,0.0036893033146299676,0.45924903554196583,0.5407509644580342,0.05,False
2024-06-21,100000.0,0,0,0.0,0.0,0.002597626065617669,0.0027403826519262916,0.45838346386018514,0.5416165361398149,0.2,False
2024-06-24,100000.0,0,0,0.0,0.0,0.0016926597816429348,0.002769855028704477,0.47092713211100246,0.5290728678889975,0.2,False
2024-06-25,100000.0,0,0,0.0,0.0,0.0019469399329735103,0.0027767455859254984,0.47356517940266674,0.5264348205973333,0.2,False
2024-06-26,100000.0,0,0,0.0,0.0,0.0012708702265994925,0.0027677021029535115,0.46844486406805225,0.5315551359319477,0.2,False
2024-06-27,100000.0,0,0,0.0,0.0,0.001345318547413607,0.0027578411058961777,0.4676677139602654,0.5323322860397346,0.2,False
2024-06-28,100000.0,0,0,0.0,0.0,0.0014658677564146256,0.002762853046158695,0.46802196561451015,0.5319780343854899,0.2,False
2024-07-01,100000.0,0,0,0.0,0.0,0.0011524226909929883,0.0027653315377514135,0.4683419069946021,0.5316580930053979,0.2,False
2024-07-02,100000.0,0,0,0.0,0.0,0.0007384296066187685,0.002778679148723557,0.473900239984524,0.526099760015476,0.2,False
2024-07-03,100000.0,0,0,0.0,0.0,0.0008106517865334653,0.00277113511560386,0.47544148969038447,0.5245585103096155,0.2,False
2024-07-05,100000.0,0,0,0.0,0.0,0.0014344783391063308,0.0027725104479656144,0.476182978280014,0.523817021719986,0.2,False
2024-07-08,100000.0,0,0,0.0,0.0,0.0008477185877649114,0.0027632216047872304,0.4719844057165156,0.5280155942834843,0.2,False
2024-07-09,100000.0,0,0,0.0,0.0,0.001076252668116248,0.0027624988820585264,0.47171346512439755,0.5282865348756025,0.2,False
2024-07-10,100000.0,0,0,0.0,0.0,0.0010284562388898006,0.002764039531911452,0.47523901126319495,0.524760988736805,0.2,False
2024-07-11,100000.0,0,0,0.0,0.0,0.0008893508878677199,0.002764925496480485,0.4772724028893787,0.5227275971106213,0.2,False
2024-07-12,100000.0,0,0,0.0,0.0,0.0013263668868178707,0.002743954217176604,0.47171992302405014,0.5282800769759499,0.2,False
2024-07-15,100000.0,0,0,0.0,0.0,0.0010976437461926469,0.002738372799586877,0.46942664426880765,0.5305733557311924,0.2,False
2024-07-16,100000.0,0,0,0.0,0.0,0.0005848375787742108,0.0027472253425987886,0.47393468904364056,0.5260653109563594,0.2,False
2024-07-17,100000.0,0,0,0.0,0.0,0.0005665337773648361,0.002756994365654456,0.4755567942392922,0.5244432057607078,0.2,False
2024-07-18,100000.0,0,0,0.0,0.0,0.0003298774366330363,0.0027538135759468166,0.4726982043332793,0.5273017956667208,0.2,False
2024-07-19,100000.0,0,0,0.0,0.0,8.20511481914433e-05,0.002748139065835362,0.47019443529036703,0.5298055647096329,0.2,False
2024-07-22,100000.0,0,0,0.0,0.0,-0.000118250611050787,0.002900390198284108,0.47144056095300757,0.5285594390469924,0.2,False
2024-07-23,100000.0,0,0,0.0,0.0,-6.126220302265825e-05,0.0028996416246452263,0.47316443219875604,0.526835567801244,0.2,False
2024-07-24,100000.0,0,0,0.0,0.0,-0.00051878171500245,0.0029288311065757302,0.464601334939642,0.5353986650603579,0.2,False
2024-07-25,100000.0,0,0,0.0,0.0,-0.0006894477690254368,0.002938815904564777,0.46196889368075433,0.5380311063192457,0.2,False
2024-07-26,100000.0,0,0,0.0,0.0,-0.00039551270079376784,0.0029416929030435766,0.4569633479723905,0.5430366520276095,0.2,False
2024-07-29,100000.0,0,0,0.0,0.0,-0.0005924267419674384,0.0029515012554708116,0.45458307336434334,0.5454169266356567,0.2,False
2024-07-30,100000.0,0,0,0.0,0.0,-0.00042408612589808027,0.0029510474484649193,0.4529286730955878,0.5470713269044122,0.2,False
2024-07-31,100000.0,0,0,0.0,0.0,-0.0004517077219306131,0.0029345215988060545,0.4564646232744489,0.5435353767255511,0.2,False
2024-08-01,100000.0,0,0,0.0,0.0,-0.0006284576203500334,0.002933214637654464,0.46298865274075046,0.5370113472592495,0.2,False
2024-08-02,100000.0,0,0,0.0,0.0,-0.0002613089607587671,0.002916724438283097,0.4755377164842474,0.5244622835157526,0.2,False
2024-08-05,100000.0,0,0,0.0,0.0,-0.0012051951030763526,0.0029715175412722296,0.460214790551014,0.539785209448986,0.2,False
2024-08-06,100000.0,0,0,0.0,0.0,-0.0010129457950251743,0.0029697746247156803,0.45660632308531685,0.5433936769146832,0.2,False
2024-08-07,100000.0,0,0,0.0,0.0,-0.0010817697010093962,0.0029716637050704784,0.45584240498166445,0.5441575950183355,0.2,False
2024-08-08,100000.0,0,0,0.0,0.0,-0.0007106711494950002,0.002965170284362372,0.45290302791204845,0.5470969720879515,0.2,False
2024-08-09,100000.0,0,0,0.0,0.0,-0.0005218666675324234,0.002963588932342828,0.4516709387747141,0.5483290612252859,0.2,False
2024-08-12,100000.0,0,0,0.0,0.0,-0.0007281341271587521,0.0029641325344628524,0.45142111003110513,0.5485788899688948,0.2,False
2024-08-13,100000.0,0,0,0.0,0.0,-0.0006175518023952858,0.0029531977745189775,0.4520806251715378,0.5479193748284622,0.2,False
2024-08-14,100000.0,0,0,0.0,0.0,-0.0013520113555223646,0.002953519566406176,0.4518429300870831,0.5481570699129169,0.2,False
2024-08-15,100000.0,0,0,0.0,0.0,-0.001472136844088808,0.0029433241823661757,0.4536358810117662,0.5463641189882338,0.2,False
2024-08-16,100000.0,0,0,0.0,0.0,-0.0010841620223378708,0.002940978797031171,0.45221125569978743,0.5477887443002125,0.2,False
2024-08-19,100000.0,0,0,0.0,0.0,-0.0003991903831640847,0.002946337252264645,0.4463771326317948,0.5536228673682052,0.2,False
2024-08-20,100000.0,0,0,0.0,0.0,-0.0005739768714276845,0.0029532229462855436,0.4447155249623713,0.5552844750376287,0.2,False
2024-08-21,100000.0,0,0,0.0,0.0,-0.00020233217209511417,0.0029547433224248825,0.4427268319578295,0.5572731680421705,0.2,False
2024-08-22,100000.0,0,0,0.0,0.0,-0.0005500291274689882,0.0029636480220648644,0.4406078729151916,0.5593921270848083,0.2,False
2024-08-23,100000.0,0,0,0.0,0.0,-0.0001796067616894604,0.002951375235902767,0.4391934076525992,0.5608065923474008,0.2,False
2024-08-26,100000.0,0,0,0.0,0.0,-0.0005021425907214702,0.0029536376775395547,0.43878198869893414,0.5612180113010659,0.2,False
2024-08-27,100000.0,0,0,0.0,0.0,-0.0005830326895761269,0.0029552653446177847,0.43862222403200185,0.5613777759679981,0.2,False
2024-08-28,100000.0,0,0,0.0,0.0,-0.00016983300365950725,0.0029489803700757772,0.44133643526925,0.5586635647307501,0.2,False
2024-08-29,100000.0,0,0,0.0,0.0,0.00018693618056026285,0.002634895049238015,0.44051938876193647,0.5594806112380635,0.2,False
2024-08-30,100000.0,0,0,0.0,0.0,-0.0006608572142771171,0.002952445581284809,0.4388606884288778,0.5611393115711222,0.2,False
2024-09-03,100000.0,0,0,0.0,0.0,-0.0004434605369851591,0.0029457334673089835,0.44607813956193815,0.5539218604380618,0.2,False
2024-09-04,100000.0,0,0,0.0,0.0,-0.000664394537902136,0.0029421820427443066,0.44747530652367346,0.5525246934763266,0.2,False
2024-09-05,100000.0,0,0,0.0,0.0,-0.0002185058786455549,0.002938986200192952,0.44791541602087875,0.5520845839791213,0.2,False
2024-09-06,100000.0,0,0,0.0,0.0,-0.000603231193317764,0.0029561248547022422,0.4456312829273094,0.5543687170726905,0.2,False
2024-09-09,100000.0,0,0,0.0,0.0,-0.000223054755131518,0.002952416502660451,0.4425863013583906,0.5574136986416094,0.2,False
2024-09-10,100000.0,0,0,0.0,0.0,-0.00018286606841571142,0.0029553014201636656,0.44265366256147515,0.5573463374385248,0.2,False
2024-09-11,100000.0,0,0,0.0,0.0,-0.0005843941091167918,0.0029411800644661337,0.44683028151758564,0.5531697184824144,0.2,False
2024-09-12,100000.0,0,0,0.0,0.0,-5.6326443065654026e-05,0.0029394722636495326,0.4436338237467015,0.5563661762532985,0.2,False
2024-09-13,100000.0,0,0,0.0,0.0,-0.0005083510025471976,0.0029437192165152814,0.44240212447894883,0.5575978755210511,0.2,False
2024-09-16,100000.0,0,0,0.0,0.0,4.4220308240556296e-05,0.002620247035939441,0.4386157774040808,0.5613842225959191,0.2,False
2024-09-17,100000.0,0,0,0.0,0.0,-0.00014206275363929177,0.0029505047419491597,0.43736490178707416,0.5626350982129258,0.2,False
2024-09-18,100000.0,0,0,0.0,0.0,3.348315082133269e-05,0.0026261539810657,0.43830739585151196,0.561692604148488,0.2,False
2024-09-19,100000.0,0,0,0.0,0.0,0.0006337962675308578,0.0025990418129527722,0.43393436665383534,0.5660656333461647,0.2,False
2024-09-20,100000.0,0,0,0.0,0.0,-9.030917308036014e-05,0.0029627661858579566,0.4289503637301528,0.5710496362698472,0.2,False
2024-09-23,100000.0,0,0,0.0,0.0,-0.00013146397192435985,0.002961275909523949,0.4283121783749296,0.5716878216250705,0.2,False
2024-09-24,100000.0,0,0,0.0,0.0,-5.95374358617027e-05,0.002957042752479877,0.42846513492063326,0.5715348650793668,0.2,False
2024-09-25,100000.0,0,0,0.0,0.0,-0.0007714558878876497,0.0029748541287784778,0.42332482405369753,0.5766751759463025,0.2,False
2024-09-26,100000.0,0,0,0.0,0.0,0.0001688267966189672,0.0025405049283752906,0.4152302713666313,0.5847697286333686,0.2,False
2024-09-27,100000.0,0,0,0.0,0.0,0.0006892284068633355,0.0025393597326197237,0.41519634572815534,0.5848036542718447,0.2,False
2024-09-30,100000.0,0,0,0.0,0.0,0.0007005151061150103,0.0025410645688024795,0.4151891684821057,0.5848108315178944,0.2,False
2024-10-01,100000.0,0,0,0.0,0.0,-1.0719968765316074e-05,0.002994677832205446,0.41276924300490847,0.5872307569950915,0.2,False
2024-10-02,100000.0,0,0,0.0,0.0,2.144681802435158e-05,0.0025336151702453373,0.4124829630338379,0.5875170369661621,0.2,False
2024-10-03,100000.0,0,0,0.0,0.0,-0.0004113795414867313,0.003002667290510264,0.4109329786401233,0.5890670213598768,0.2,False
2024-10-04,100000.0,0,0,0.0,0.0,-0.0013241041113463687,0.0030061623828423045,0.40937900552283474,0.5906209944771652,0.2,False
2024-10-07,100000.0,0,0,0.0,0.0,-0.001114516423637983,0.0030058456036710555,0.41115201868395657,0.5888479813160434,0.2,False
2024-10-08,100000.0,0,0,0.0,0.0,-0.000811037815529843,0.0029992263109514675,0.4144332631283071,0.5855667368716929,0.2,False
2024-10-09,100000.0,0,0,0.0,0.0,-0.001387370142791562,0.0029972785803749347,0.4153588380278454,0.5846411619721545,0.2,False
2024-10-10,100000.0,0,0,0.0,0.0,-0.0011689234488573294,0.002995990088233517,0.41526076983692345,0.5847392301630765,0.2,False
2024-10-11,100000.0,0,0,0.0,0.0,-0.001027086250550408,0.002992958156829287,0.4149907710822707,0.5850092289177293,0.2,False
2024-10-14,100000.0,0,0,0.0,0.0,-0.0009577042956545926,0.002993857306717745,0.4149888918031337,0.5850111081968663,0.2,False
2024-10-15,100000.0,0,0,0.0,0.0,-0.0011727173885965883,0.0029966824219260944,0.4147160893418668,0.5852839106581331,0.2,False
2024-10-16,100000.0,0,0,0.0,0.0,-0.0016171058551094992,0.0029843433806511287,0.418067138434437,0.581932861565563,0.2,False
2024-10-17,100000.0,0,0,0.0,0.0,-0.001624271539399634,0.0029825996391892075,0.41884042145529454,0.5811595785447055,0.2,False
2024-10-18,100000.0,0,0,0.0,0.0,-0.0016156906470522114,0.0029801187986779865,0.4191051397006331,0.5808948602993669,0.2,False
2024-10-21,100000.0,0,0,0.0,0.0,-0.0020873264261689743,0.0029907719745992075,0.4168011108659399,0.58319888913406,0.2,False
2024-10-22,100000.0,0,0,0.0,0.0,-0.002326924886722551,0.0029934944969712686,0.4159478810235207,0.5840521189764794,0.2,False
2024-10-23,100000.0,0,0,0.0,0.0,-0.00255611022630379,0.0030003986318728414,0.41585901641570805,0.5841409835842919,0.2,False
2024-10-24,100000.0,0,0,0.0,0.0,-0.0019011933989305121,0.0030002726450131267,0.41479136536892364,0.5852086346310763,0.2,False
2024-10-25,100000.0,0,0,0.0,0.0,-0.0018914846888000668,0.0030018984437303084,0.41631087942890477,0.5836891205710952,0.2,False
2024-10-28,100000.0,0,0,0.0,0.0,-0.0019997542165849647,0.0029939124683006097,0.41827090422660024,0.5817290957733998,0.2,False
2024-10-29,100000.0,0,0,0.0,0.0,-0.002127122596946948,0.0029957804622168295,0.41847850943520887,0.5815214905647912,0.2,False
2024-10-30,100000.0,0,0,0.0,0.0,-0.002338751891652379,0.003000657264852212,0.4176937219471605,0.5823062780528395,0.2,False
2024-10-31,100000.0,0,0,0.0,0.0,-0.0018544251002488936,0.0029799361379317865,0.42925484120914853,0.5707451587908514,0.2,False
2024-11-01,100000.0,0,0,0.0,0.0,-0.0011678394742647856,0.0029745880007850394,0.43095640315195255,0.5690435968480474,0.2,False
2024-11-04,100000.0,0,0,0.0,0.0,-0.0013431603810166988,0.0029693589081572942,0.43305956413036195,0.566940435869638,0.2,False
2024-11-05,100000.0,0,0,0.0,0.0,-0.0011243066567993322,0.0029611331731163567,0.43221709537786446,0.5677829046221355,0.2,False
2024-11-06,100000.0,0,0,0.0,0.0,-0.001618472038985199,0.0029645471960686133,0.43124236125722754,0.5687576387427724,0.2,False
2024-11-07,100000.0,0,0,0.0,0.0,-0.0008715673690323206,0.0029935508461442955,0.41357276011884236,0.5864272398811576,0.2,False
2024-11-08,100000.0,0,0,0.0,0.0,-0.0012427582000943825,0.00301844118684011,0.40722405987887206,0.5927759401211279,0.2,False
2024-11-11,100000.0,0,0,0.0,0.0,-0.0014131415940765862,0.0030179963802498904,0.406394886527554,0.593605113472446,0.2,False
2024-11-12,100000.0,0,0,0.0,0.0,-0.002503130734979143,0.0030370733314296506,0.4,0.6,0.2,False
2024-11-13,100000.0,0,0,0.0,0.0,-0.002207635151434323,0.003036022420600823,0.4,0.6,0.2,False
2024-11-14,100000.0,0,0,0.0,0.0,-0.0019415370418558364,0.003037671911598984,0.4,0.6,0.2,False
2024-11-15,100000.0,0,0,0.0,0.0,-0.001475461288562947,0.0030333781782042675,0.4026262576574138,0.5973737423425862,0.2,False
2024-11-18,100000.0,0,0,0.0,0.0,-0.001184787206025191,0.0030305821585539738,0.4006695663418965,0.5993304336581036,0.2,False
2024-11-19,100000.0,0,0,0.0,0.0,-0.0010499173142536251,0.0030264018837023684,0.4,0.6,0.2,False
2024-11-20,100000.0,0,0,0.0,0.0,-0.0011851462871910446,0.003031419617219017,0.4,0.6,0.2,False
2024-11-21,100000.0,0,0,0.0,0.0,-0.0014437816120675994,0.002992659005024517,0.4119871416427852,0.5880128583572148,0.2,False
2024-11-22,100000.0,0,0,0.0,0.0,-0.0012951923188577676,0.0029881044331982005,0.4144214706308617,0.5855785293691382,0.2,False
2024-11-25,100000.0,0,0,0.0,0.0,-0.0011709820790444258,0.0029857525531929024,0.4155598772408992,0.5844401227591007,0.2,False
2024-11-26,100000.0,0,0,0.0,0.0,-0.0013672314276484685,0.0029964378056608273,0.41405042908676354,0.5859495709132365,0.2,False
2024-11-27,100000.0,0,0,0.0,0.0,-0.001122250051044636,0.002995448433137202,0.41141836540923094,0.5885816345907691,0.2,False
2024-11-29,100000.0,0,0,0.0,0.0,-0.0012043581085192361,0.0029839715938450623,0.41406390049867614,0.5859360995013239,0.2,False
2024-12-02,100000.0,0,0,0.0,0.0,-0.00031767313596807846,0.002983765226111069,0.41580902892245536,0.5841909710775446,0.2,False
2024-12-03,100000.0,0,0,0.0,0.0,-0.0003083551231642054,0.0029818359040415933,0.41671409340002635,0.5832859065999736,0.2,False
2024-12-04,100000.0,0,0,0.0,0.0,-0.0003515623543634041,0.002987262588930041,0.41573603583876606,0.5842639641612339,0.2,False
2024-12-05,100000.0,0,0,0.0,0.0,-0.0004376685021587047,0.002980986526397874,0.41744189906440055,0.5825581009355995,0.2,False
2024-12-06,100000.0,0,0,0.0,0.0,-0.0004755362765957198,0.0029870463328350158,0.41770041222538096,0.5822995877746191,0.2,False
2024-12-09,100000.0,0,0,0.0,0.0,-0.0002832948290927345,0.0029989816364626143,0.41208895620017705,0.587911043799823,0.2,False
2024-12-10,100000.0,0,0,0.0,0.0,-0.0004102186077410999,0.003026479268398983,0.40287567184527207,0.5971243281547279,0.2,False
2024-12-11,100000.0,0,0,0.0,0.0,-0.00043695076922248917,0.0030260556140195207,0.4020658035812164,0.5979341964187836,0.2,False
2024-12-12,100000.0,0,0,0.0,0.0,-0.00044164945401910455,0.003019628802788016,0.40888026287516166,0.5911197371248383,0.2,False
2024-12-13,100000.0,0,0,0.0,0.0,-0.0004293507472820533,0.0030170704214248054,0.410936829913946,0.589063170086054,0.2,False
2024-12-16,100000.0,0,0,0.0,0.0,-0.0003390612726778438,0.003015903183096428,0.41231075187234845,0.5876892481276516,0.2,False
2024-12-17,100000.0,0,0,0.0,0.0,-0.00023440417037357477,0.0030207725480055994,0.4138357959294692,0.5861642040705308,0.2,False
2024-12-18,100000.0,0,0,0.0,0.0,-0.0002675118696197696,0.0030098503464531723,0.42707852413850783,0.5729214758614922,0.2,False
2024-12-19,100000.0,0,0,0.0,0.0,-0.00026593348109948576,0.003006331721349785,0.43021746663578375,0.5697825333642162,0.2,False
2024-12-20,100000.0,0,0,0.0,0.0,-0.0003592814727513227,0.0029981336424741403,0.43373342220542893,0.566266577794571,0.2,False
2024-12-23,100000.0,0,0,0.0,0.0,-0.0002638517817891565,0.003001425865068423,0.4296011483057184,0.5703988516942816,0.2,False
2024-12-24,100000.0,0,0,0.0,0.0,-0.00029375160373281355,0.002993793483818614,0.43112267844978197,0.5688773215502181,0.2,False
2024-12-26,100000.0,0,0,0.0,0.0,-0.00022158107814662764,0.0029937407181676616,0.43023935996412155,0.5697606400358785,0.2,False
2024-12-27,100000.0,0,0,0.0,0.0,-0.00027149359235937453,0.0030034375950346056,0.42849303101058256,0.5715069689894174,0.2,False
2024-12-30,100000.0,0,0,0.0,0.0,-0.0002657175995127061,0.0030063821241879053,0.4283164721061371,0.5716835278938629,0.2,False
2024-12-31,100000.0,0,0,0.0,0.0,-0.00036299095722715056,0.003004971254817947,0.42932022695316996,0.57067977304683,0.2,False
2025-01-02,100000.0,0,0,0.0,0.0,-0.0004616477468741423,0.0030014038916698184,0.4292906769293052,0.5707093230706948,0.2,False
2025-01-03,100000.0,0,0,0.0,0.0,-0.0003615625009360104,0.0030030512553954015,0.42594453389998904,0.574055466100011,0.2,False
2025-01-06,100000.0,0,0,0.0,0.0,-0.00035688235242999593,0.003000946021280487,0.4259302944554262,0.5740697055445738,0.2,False
2025-01-07,100000.0,0,0,0.0,0.0,-0.00031811663099124213,0.0030022270109003675,0.42736396766979,0.57263603233021,0.2,False
2025-01-08,100000.0,0,0,0.0,0.0,-0.00030259847681462034,0.00299607266357196,0.4280899719410521,0.571910028058948,0.2,False
2025-01-10,100000.0,0,0,0.0,0.0,-0.00033096062555572456,0.0029987501002096814,0.4332995990711275,0.5667004009288725,0.2,False
2025-01-13,100000.0,0,0,0.0,0.0,-0.00020087341659617575,0.0029967584152555842,0.4342619448289534,0.5657380551710466,0.2,False
2025-01-14,100000.0,0,0,0.0,0.0,-0.0002168001233121615,0.0029885114276466114,0.4357304881626428,0.5642695118373572,0.2,False
2025-01-15,100000.0,0,0,0.0,0.0,-0.00013826834987194542,0.0029843499676092747,0.4345219283455343,0.5654780716544656,0.2,False
2025-01-16,100000.0,0,0,0.0,0.0,-0.00010523079645518394,0.002982884047915972,0.4344494236173253,0.5655505763826747,0.2,False
2025-01-17,100000.0,0,0,0.0,0.0,-0.00021037520428616866,0.002983685708129991,0.43460364500342247,0.5653963549965775,0.2,False
2025-01-21,100000.0,0,0,0.0,0.0,-0.00010812519836709188,0.002975750467454596,0.43285997902322587,0.5671400209767741,0.2,False
2025-01-22,100000.0,0,0,0.0,0.0,-8.864485991034005e-05,0.002978315348547866,0.43307332307825325,0.5669266769217467,0.2,False
2025-01-23,100000.0,0,0,0.0,0.0,-0.00021018620656124338,0.002966006651740986,0.4367135153582571,0.5632864846417429,0.2,False
2025-01-24,100000.0,0,0,0.0,0.0,-0.00017389743519261887,0.002961025309032198,0.43717666133425664,0.5628233386657433,0.2,False
2025-01-27,100000.0,0,0,0.0,0.0,-5.088157414812834e-05,0.0029552214125080534,0.44070048234429243,0.5592995176557076,0.2,False
2025-01-28,100000.0,0,0,0.0,0.0,-0.0001144246415133781,0.0029569550828342003,0.44104729969176276,0.5589527003082373,0.2,False
2025-01-29,100000.0,0,0,0.0,0.0,-0.00025688580824084604,0.0029582037077901485,0.4399756728723804,0.5600243271276196,0.2,False
2025-01-30,100000.0,0,0,0.0,0.0,-0.00015667286543724905,0.002959993161670937,0.4368417923427737,0.5631582076572264,0.2,False
2025-01-31,100000.0,0,0,0.0,0.0,-0.00014238201204377449,0.0029615955560518036,0.4404460550012481,0.5595539449987519,0.2,False
2025-02-03,100000.0,0,0,0.0,0.0,0.0,0.002942103556447793,0.45174172120394324,0.5482582787960568,0.2,False
2025-02-04,100000.0,0,0,0.0,0.0,0.0,0.0029034765763867624,0.4641641632605215,0.5358358367394784,0.2,False
2025-02-05,100000.0,0,0,0.0,0.0,0.0,0.0028867195441428825,0.468052491232353,0.5319475087676471,0.2,False
2025-02-06,100000.0,0,0,0.0,0.0,0.0,0.002885722841044865,0.46824072191870053,0.5317592780812994,0.2,False
2025-02-07,100000.0,0,0,0.0,0.0,0.0,0.0028935797666425045,0.4666934569299772,0.5333065430700228,0.2,False
2025-02-10,100000.0,0,0,0.0,0.0,0.0,0.0028851072213142786,0.4680988471592127,0.5319011528407873,0.2,False
2025-02-11,100000.0,0,0,0.0,0.0,0.0,0.0028851055956186874,0.46817578850499075,0.5318242114950092,0.2,False
2025-02-12,100000.0,0,0,0.0,0.0,0.0,0.002888292695588892,0.4659299727660839,0.5340700272339161,0.2,False
2025-02-13,100000.0,0,0,0.0,0.0,0.0,0.0028804048290453615,0.46486498217266814,0.5351350178273319,0.2,False
2025-02-14,100000.0,0,0,0.0,0.0,0.0,0.002882955197172507,0.46612756465473626,0.5338724353452637,0.2,False
2025-02-18,100000.0,0,0,0.0,0.0,0.0,0.0028807299008244474,0.46731997990661384,0.5326800200933861,0.2,False
2025-02-19,100000.0,0,0,0.0,0.0,0.0,0.0029024065491793658,0.4606295451894517,0.5393704548105482,0.2,False
2025-02-20,100000.0,0,0,0.0,0.0,0.0,0.0029042614552909976,0.45914707562515183,0.5408529243748481,0.2,False
2025-02-21,100000.0,0,0,0.0,0.0,0.0,0.0029230219884028136,0.4563151144273201,0.5436848855726799,0.2,False
2025-02-24,100000.0,0,0,0.0,0.0,0.0,0.0029224149318752566,0.4559398581391042,0.5440601418608958,0.2,False
2025-02-25,100000.0,0,0,0.0,0.0,0.0,0.0029262728093682037,0.4555180156326622,0.5444819843673379,0.2,False
2025-02-26,100000.0,0,0,0.0,0.0,0.0,0.0029291757484206575,0.4550481063895396,0.5449518936104605,0.2,False
2025-02-27,100000.0,0,0,0.0,0.0,0.0,0.002929645408907447,0.45890325745027233,0.5410967425497277,0.2,False
2025-02-28,100000.0,0,0,0.0,0.0,0.0,0.0029141360653351933,0.4642584400091776,0.5357415599908224,0.2,False
2025-03-03,100000.0,0,0,0.0,0.0,0.0,0.0028865664977875648,0.47983199367417095,0.520168006325829,0.2,False
2025-03-04,100000.0,0,0,0.0,0.0,0.0,0.0028587622748073604,0.4933354404760721,0.5066645595239279,0.2,False
2025-03-05,100000.0,0,0,0.0,0.0,0.0,0.002824816184327162,0.5022425929492577,0.49775740705074234,0.2,False
2025-03-06,100000.0,0,0,0.0,0.0,0.0,0.0028415906321467956,0.4986412328038643,0.5013587671961357,0.2,False
2025-03-07,100000.0,0,0,0.0,0.0,0.0,0.0028463792563867764,0.497522957758023,0.502477042241977,0.2,False
2025-03-10,100000.0,0,0,0.0,0.0,0.0,0.002858948127395364,0.49796217017752936,0.5020378298224706,0.2,False
2025-03-11,100000.0,0,0,0.0,0.0,0.0,0.00286118502935701,0.4983196284659269,0.5016803715340731,0.2,False
2025-03-12,100000.0,0,0,0.0,0.0,0.0,0.002851471121649365,0.5017134466115433,0.49828655338845673,0.2,False
2025-03-13,100000.0,0,0,0.0,0.0,0.0,0.0028550481300391984,0.5037087834257769,0.49629121657422315,0.2,False
2025-03-14,100000.0,0,0,0.0,0.0,0.0,0.0028449437406856135,0.50246406544628,0.49753593455372,0.2,False
2025-03-17,100000.0,0,0,0.0,0.0,0.0,0.0028379078128092394,0.5004177768568617,0.49958222314313827,0.2,False
2025-03-18,100000.0,0,0,0.0,0.0,0.0,0.0028651118887644063,0.49222441893920177,0.5077755810607982,0.2,False
2025-03-19,100000.0,0,0,0.0,0.0,0.0,0.002858539368343079,0.4922904324646295,0.5077095675353704,0.2,False
2025-03-20,100000.0,0,0,0.0,0.0,0.0,0.002860750418069288,0.4918647578623065,0.5081352421376935,0.2,False
2025-03-21,100000.0,0,0,0.0,0.0,0.0,0.002864717513162017,0.4919298484612197,0.5080701515387803,0.2,False
2025-03-24,100000.0,0,0,0.0,0.0,0.0,0.0028495015018649163,0.4943112196964819,0.5056887803035182,0.2,False
2025-03-25,100000.0,0,0,0.0,0.0,0.0,0.0028468930773320705,0.49452139045521837,0.5054786095447816,0.2,False
2025-03-26,100000.0,0,0,0.0,0.0,0.0,0.00284671161803763,0.49634630416650205,0.503653695833498,0.2,False
2025-03-27,100000.0,0,0,0.0,0.0,0.0,0.002844027848703132,0.49692313188038734,0.5030768681196127,0.2,False
2025-03-28,100000.0,0,0,0.0,0.0,0.0,0.0028429651530860814,0.501669384488713,0.498330615511287,0.2,False
2025-03-31,100000.0,0,0,0.0,0.0,0.0,0.0028383672580251035,0.5032979463941932,0.49670205360580677,0.2,False
2025-04-01,100000.0,0,0,0.0,0.0,0.0,0.0028356482564222264,0.5015215070831636,0.49847849291683644,0.2,False
2025-04-02,100000.0,0,0,0.0,0.0,0.0,0.0028287575116620906,0.5027011407199076,0.49729885928009243,0.2,False
2025-04-03,100000.0,0,0,0.0,0.0,0.0,0.002852395178127732,0.49926633274986343,0.5007336672501366,0.2,False
2025-04-04,100000.0,0,0,0.0,0.0,0.0,0.003028694539235179,0.4450553406700098,0.5549446593299903,0.2,False
2025-04-07,100000.0,0,0,0.0,0.0,0.0,0.0030595140857476856,0.4361040096914877,0.5638959903085123,0.2,False
2025-04-08,100000.0,0,0,0.0,0.0,0.0,0.003064630528303291,0.43660512826210673,0.5633948717378933,0.2,False
2025-04-09,100000.0,0,0,0.0,0.0,0.0,0.0030351655640188232,0.42503486381782807,0.5749651361821719,0.2,False
2025-04-10,100000.0,0,0,0.0,0.0,0.0,0.0030516717569634886,0.4243626000653685,0.5756373999346315,0.2,False
2025-04-11,100000.0,0,0,0.0,0.0,0.0,0.0030220091076698418,0.43007908234336567,0.5699209176566343,0.2,False
2025-04-14,100000.0,0,0,0.0,0.0,0.0,0.0030089468425063626,0.4303320701075397,0.5696679298924603,0.2,False
2025-04-15,100000.0,0,0,0.0,0.0,0.0,0.0030082894461304086,0.43037020084038374,0.5696297991596162,0.2,False
2025-04-16,100000.0,0,0,0.0,0.0,0.0,0.0030035003761973325,0.43078038671292823,0.5692196132870717,0.2,False
2025-04-17,100000.0,0,0,0.0,0.0,0.0,0.0029984286824136933,0.4308739389804358,0.5691260610195642,0.2,False
2025-04-21,100000.0,0,0,0.0,0.0,0.0,0.0030007277766913995,0.43141152435687635,0.5685884756431236,0.2,False
2025-04-22,100000.0,0,0,0.0,0.0,0.0,0.0029889710825223826,0.4313987747362401,0.5686012252637599,0.2,False
2025-04-23,100000.0,0,0,0.0,0.0,0.0,0.0029878423492913663,0.43144117359004747,0.5685588264099526,0.2,False
2025-04-24,100000.0,0,0,0.0,0.0,0.0,0.0029787392518662707,0.43053078179160315,0.5694692182083969,0.2,False
2025-04-25,100000.0,0,0,0.0,0.0,0.0,0.00297860085168468,0.4303690145833839,0.5696309854166162,0.2,False
2025-04-28,100000.0,0,0,0.0,0.0,0.0,0.0029763361908541498,0.43072510667524894,0.5692748933247511,0.2,False
2025-04-29,100000.0,0,0,0.0,0.0,0.0,0.002977372195471975,0.4307982603877573,0.5692017396122426,0.2,False
2025-04-30,100000.0,0,0,0.0,0.0,0.0,0.002974535536735534,0.43072818586886397,0.569271814131136,0.2,False
2025-05-01,100000.0,0,0,0.0,0.0,0.0,0.002974305594792553,0.4309318108440879,0.5690681891559122,0.2,False
2025-05-02,100000.0,0,0,0.0,0.0,0.0,0.0029699443351709817,0.42808311749054745,0.5719168825094525,0.2,False
2025-05-05,100000.0,0,0,0.0,0.0,0.0,0.0029773221184140014,0.42640866197550054,0.5735913380244995,0.2,False
2025-05-06,100000.0,0,0,0.0,0.0,0.0,0.0029775642061847353,0.42608382251229693,0.5739161774877031,0.2,False
2025-05-07,100000.0,0,0,0.0,0.0,0.0,0.002980422364412098,0.4254683866584975,0.5745316133415025,0.2,False
2025-05-08,100000.0,0,0,0.0,0.0,0.0,0.002982509373782462,0.4253922282289569,0.5746077717710432,0.2,False
2025-05-09,100000.0,0,0,0.0,0.0,0.0,0.00298120848216464,0.42506634095897056,0.5749336590410294,0.2,False
2025-05-12,100000.0,0,0,0.0,0.0,0.0,0.0029757986034202057,0.4250163051322374,0.5749836948677626,0.2,False
2025-05-13,100000.0,0,0,0.0,0.0,0.0,0.002970252201732665,0.42504192639446897,0.5749580736055311,0.2,False
2025-05-14,100000.0,0,0,0.0,0.0,0.0,0.002978523525442822,0.4236799620058298,0.5763200379941702,0.2,False
2025-05-15,100000.0,0,0,0.0,0.0,0.0,0.0029732720250970008,0.42261165116496313,0.5773883488350369,0.2,False
2025-05-16,100000.0,0,0,0.0,0.0,0.0,0.0029747800671477954,0.4221478957591808,0.5778521042408191,0.2,False
2025-05-19,100000.0,0,0,0.0,0.0,0.0,0.002971545245091612,0.421925689376542,0.578074310623458,0.2,False
2025-05-20,100000.0,0,0,0.0,0.0,0.0,0.0029703484668435025,0.421850841932751,0.578149158067249,0.2,False
2025-05-21,100000.0,0,0,0.0,0.0,0.0,0.0029755323271385007,0.42187015408170964,0.5781298459182904,0.2,False
2025-05-22,100000.0,0,0,0.0,0.0,0.0,0.0029738031270682467,0.4218511578440839,0.5781488421559161,0.2,False
2025-05-23,100000.0,0,0,0.0,0.0,0.0,0.0029670315264534496,0.42251562772614354,0.5774843722738565,0.2,False
2025-05-27,100000.0,0,0,0.0,0.0,0.0,0.0029610802003729566,0.42301104951220764,0.5769889504877923,0.2,False
2025-05-28,100000.0,0,0,0.0,0.0,0.0,0.0029701546938344587,0.4211917202396822,0.5788082797603178,0.2,False
2025-05-29,100000.0,0,0,0.0,0.0,0.0,0.0029692153794194753,0.42082843695308403,0.579171563046916,0.2,False
2025-05-30,100000.0,0,0,0.0,0.0,0.0,0.002967534468596945,0.4205505819065056,0.5794494180934944,0.2,False
2025-06-02,100000.0,0,0,0.0,0.0,0.0,0.0029614186881468316,0.4202540057876036,0.5797459942123964,0.2,False
2025-06-03,100000.0,0,0,0.0,0.0,0.0,0.0029620420190190734,0.42015481790113646,0.5798451820988635,0.2,False
2025-06-04,100000.0,0,0,0.0,0.0,0.0,0.002961900737302927,0.4194243210125944,0.5805756789874056,0.2,False
2025-06-05,100000.0,0,0,0.0,0.0,0.0,0.002961370992120898,0.4192683807786967,0.5807316192213032,0.2,False
2025-06-06,100000.0,0,0,0.0,0.0,0.0,0.002961080299020085,0.419200069150786,0.580799930849214,0.2,False
2025-06-09,100000.0,0,0,0.0,0.0,0.0,0.0029603395759636984,0.41952867144449457,0.5804713285555054,0.2,False
2025-06-10,100000.0,0,0,0.0,0.0,0.0,0.0029572408498226865,0.4186449549484219,0.5813550450515781,0.2,False
2025-06-11,100000.0,0,0,0.0,0.0,0.0,0.0029584109127525128,0.41786709503495345,0.5821329049650465,0.2,False
2025-06-12,100000.0,0,0,0.0,0.0,0.0,0.0029549357190023296,0.4183640655684627,0.5816359344315374,0.2,False
2025-06-13,100000.0,0,0,0.0,0.0,0.0,0.0029656087495425008,0.4161063252367983,0.5838936747632018,0.2,False
2025-06-16,100000.0,0,0,0.0,0.0,0.0,0.0029711773326678557,0.4154345311490893,0.5845654688509108,0.2,False
2025-06-17,100000.0,0,0,0.0,0.0,0.0,0.0029790843889667307,0.4147635501152064,0.5852364498847936,0.2,False
2025-06-18,100000.0,0,0,0.0,0.0,0.0,0.0029773271306216143,0.4150560606135984,0.5849439393864015,0.2,False
2025-06-20,100000.0,0,0,0.0,0.0,0.0,0.0029873202456683744,0.41364982522231847,0.5863501747776816,0.2,False
2025-06-23,100000.0,0,0,0.0,0.0,0.0,0.0029836668139620803,0.4126656224144334,0.5873343775855666,0.2,False
2025-06-24,100000.0,0,0,0.0,0.0,0.0,0.002979479049795047,0.4119959939074539,0.5880040060925461,0.2,False
2025-06-25,100000.0,0,0,0.0,0.0,0.0,0.002976816341326167,0.4138949536169706,0.5861050463830294,0.2,False
2025-06-26,100000.0,0,0,0.0,0.0,0.0,0.0029657810676273796,0.41579481267888396,0.584205187321116,0.2,False
2025-06-27,100000.0,0,0,0.0,0.0,0.0,0.0029721707861330876,0.41544838685216573,0.5845516131478343,0.2,False
2025-06-30,100000.0,0,0,0.0,0.0,0.0,0.0029575497710150594,0.41912186265873674,0.5808781373412633,0.2,False
2025-07-01,100000.0,0,0,0.0,0.0,0.00011905915122310385,0.0025331950269910962,0.4200177336930834,0.5799822663069166,0.2,False
2025-07-02,100000.0,0,0,0.0,0.0,0.00018410321297725486,0.0025314796714829874,0.4196582564457838,0.5803417435542162,0.2,False
2025-07-03,100000.0,0,0,0.0,0.0,3.900302986735804e-05,0.002531537280295776,0.41992318469859397,0.580076815301406,0.2,False
2025-07-07,100000.0,0,0,0.0,0.0,-7.77438242857385e-05,0.0029658205765577747,0.4179649305632291,0.5820350694367709,0.2,False
2025-07-08,100000.0,0,0,0.0,0.0,8.077774130049766e-05,0.002530540415432623,0.4177293835521621,0.582270616447838,0.2,False
2025-07-09,100000.0,0,0,0.0,0.0,9.951276323026324e-05,0.002529916898433074,0.41761845488232546,0.5823815451176746,0.2,False
2025-07-10,100000.0,0,0,0.0,0.0,0.00020456545976705145,0.0025184011861627284,0.4157169203485836,0.5842830796514165,0.2,False
2025-07-11,100000.0,0,0,0.0,0.0,0.00017294242871153989,0.0025220905768875953,0.41576558896506355,0.5842344110349365,0.2,False
2025-07-14,100000.0,0,0,0.0,0.0,9.07973298888018e-05,0.002521748346245175,0.41668939502719493,0.5833106049728051,0.2,False
2025-07-15,100000.0,0,0,0.0,0.0,4.549720566560075e-05,0.00253087471030371,0.4174693562650273,0.5825306437349727,0.2,False
2025-07-16,100000.0,0,0,0.0,0.0,-2.136043436360409e-05,0.002955717223777846,0.4197820189122295,0.5802179810877706,0.2,False
2025-07-17,100000.0,0,0,0.0,0.0,-4.119194129177984e-05,0.0029520469207480523,0.42065474115303375,0.5793452588469663,0.2,False
2025-07-18,100000.0,0,0,0.0,0.0,0.00010144339130848999,0.0025327432886673466,0.42054294949954235,0.5794570505004577,0.2,False
2025-07-21,100000.0,0,0,0.0,0.0,2.12775430369135e-05,0.0025313004353541254,0.4200290232829507,0.5799709767170493,0.2,False
2025-07-22,100000.0,0,0,0.0,0.0,5.757299468951453e-06,0.0025327050593166294,0.42108398959292626,0.5789160104070737,0.2,False
2025-07-23,100000.0,0,0,0.0,0.0,0.00013903644552693868,0.002520781634337687,0.41917806531077456,0.5808219346892254,0.2,False
2025-07-24,100000.0,0,0,0.0,0.0,7.146890709829525e-05,0.002522919622329863,0.41783242578629237,0.5821675742137076,0.2,False
2025-07-25,100000.0,0,0,0.0,0.0,6.9874258146647236e-06,0.002517663927311467,0.4169003690212856,0.5830996309787144,0.2,False
2025-07-28,100000.0,0,0,0.0,0.0,-3.851826493413086e-05,0.0029616334211796623,0.4167424540253696,0.5832575459746304,0.2,False
2025-07-29,100000.0,0,0,0.0,0.0,3.225255917572056e-05,0.002519915452403946,0.41601386850872696,0.5839861314912731,0.2,False
2025-07-30,100000.0,0,0,0.0,0.0,4.821484150168947e-05,0.0025335453457753644,0.4187429518358644,0.5812570481641356,0.2,False
2025-07-31,100000.0,0,0,0.0,0.0,4.5879937073019474e-05,0.0025373701724649496,0.4199166186585247,0.5800833813414753,0.2,False
2025-08-01,100000.0,0,0,0.0,0.0,0.0,0.0029552071608251198,0.42250868097870786,0.5774913190212921,0.2,False
2025-08-04,100000.0,0,0,0.0,0.0,0.0,0.0029339075029686744,0.42902216550701516,0.5709778344929848,0.2,False
2025-08-05,100000.0,0,0,0.0,0.0,0.0,0.0029232399082314044,0.43182799650933534,0.5681720034906647,0.2,False
2025-08-06,100000.0,0,0,0.0,0.0,0.0,0.0028944599092439634,0.4415042811841495,0.5584957188158505,0.2,False
2025-08-07,100000.0,0,0,0.0,0.0,0.0,0.0028828041594607242,0.44736499854160144,0.5526350014583985,0.2,False
2025-08-08,100000.0,0,0,0.0,0.0,0.0,0.0028793351062463483,0.4486638136647555,0.5513361863352445,0.2,False
2025-08-11,100000.0,0,0,0.0,0.0,0.0,0.0028765337001195484,0.44923777866239756,0.5507622213376024,0.2,False
2025-08-12,100000.0,0,0,0.0,0.0,0.0,0.002880406024574684,0.4463590204915194,0.5536409795084807,0.2,False
2025-08-13,100000.0,0,0,0.0,0.0,0.0,0.0028805492396970413,0.4454321187890731,0.5545678812109269,0.2,False
2025-08-14,100000.0,0,0,0.0,0.0,0.0,0.002881381868581287,0.44659572670189884,0.5534042732981012,0.2,False
2025-08-15,100000.0,0,0,0.0,0.0,0.0,0.0028820688255770496,0.446873014927736,0.553126985072264,0.2,False
2025-08-18,100000.0,0,0,0.0,0.0,0.0,0.002879858393933301,0.4469210480687631,0.5530789519312369,0.2,False
2025-08-19,100000.0,0,0,0.0,0.0,0.0,0.002884914619984876,0.44763991901839323,0.5523600809816067,0.2,False
2025-08-20,100000.0,0,0,0.0,0.0,0.0,0.0028819080836102575,0.44766473519593264,0.5523352648040674,0.2,False
2025-08-21,100000.0,0,0,0.0,0.0,0.0,0.002880402557828621,0.4471117477072643,0.5528882522927356,0.2,False
2025-08-22,100000.0,0,0,0.0,0.0,0.0,0.002861722697546185,0.45209031419225465,0.5479096858077454,0.2,False
2025-08-25,100000.0,0,0,0.0,0.0,0.0,0.002873286339800368,0.449729892978664,0.550270107021336,0.2,False
2025-08-26,100000.0,0,0,0.0,0.0,0.0,0.002864463336476952,0.45235678116955774,0.5476432188304423,0.2,False
2025-08-27,100000.0,0,0,0.0,0.0,0.0,0.0028566895029593985,0.4544926544665964,0.5455073455334036,0.2,False
2025-08-28,100000.0,0,0,0.0,0.0,0.0,0.0028560156665981837,0.45473881138435307,0.5452611886156469,0.2,False
2025-08-29,100000.0,0,0,0.0,0.0,0.0,0.002851903404596914,0.4559596251371115,0.5440403748628885,0.2,False
2025-09-02,100000.0,0,0,0.0,0.0,-3.945400570000138e-05,0.002864317370607619,0.4521868357649953,0.5478131642350047,0.2,False
2025-09-03,100000.0,0,0,0.0,0.0,-7.16541788892228e-05,0.0028703683906910605,0.4500255688695159,0.5499744311304842,0.2,False
2025-09-04,100000.0,0,0,0.0,0.0,-5.129854037800466e-05,0.002873854252565723,0.4457223374708902,0.5542776625291098,0.2,False
2025-09-05,100000.0,0,0,0.0,0.0,-4.825136270543923e-05,0.0028749153042617226,0.4448494058227504,0.5551505941772497,0.2,False
2025-09-08,100000.0,0,0,0.0,0.0,-4.5939719615472464e-05,0.002875208350979372,0.4445833755459938,0.5554166244540062,0.2,False
2025-09-09,100000.0,0,0,0.0,0.0,-5.262929822320585e-05,0.002876941427007854,0.44392275819996285,0.5560772418000371,0.2,False
2025-09-10,100000.0,0,0,0.0,0.0,-3.6700315516617225e-05,0.0028818446519015,0.4414792769514198,0.5585207230485802,0.2,False
2025-09-11,100000.0,0,0,0.0,0.0,-3.354884500800003e-05,0.0028731648076334017,0.4414289143669202,0.5585710856330798,0.2,False
2025-09-12,100000.0,0,0,0.0,0.0,-3.0962447221417545e-05,0.0028737789109936998,0.4438102203656946,0.5561897796343054,0.2,False
2025-09-15,100000.0,0,0,0.0,0.0,-2.675186250570582e-05,0.0028643113206491874,0.4444536685846184,0.5555463314153817,0.2,False
2025-09-16,100000.0,0,0,0.0,0.0,-4.2689917706938454e-05,0.0028709326742796465,0.44236707904328065,0.5576329209567193,0.2,False
2025-09-17,100000.0,0,0,0.0,0.0,-6.0816404988971106e-05,0.0028831578794979887,0.438974265243872,0.561025734756128,0.2,False
2025-09-18,100000.0,0,0,0.0,0.0,-9.695898715427751e-05,0.002896964215136571,0.43378047581278273,0.5662195241872172,0.2,False
2025-09-19,100000.0,0,0,0.0,0.0,-0.00012302675625340984,0.0028853713946767386,0.43757147152926557,0.5624285284707344,0.2,False
2025-09-22,100000.0,0,0,0.0,0.0,-0.00011782896955828703,0.0028828406257163735,0.4383983037190252,0.5616016962809748,0.2,False
2025-09-23,100000.0,0,0,0.0,0.0,-9.472970235004442e-05,0.002873550048223493,0.4438252011858393,0.5561747988141608,0.2,False
2025-09-24,100000.0,0,0,0.0,0.0,-0.00010987233373959439,0.002890884559731257,0.43895985455021996,0.56104014544978,0.2,False
2025-09-25,100000.0,0,0,0.0,0.0,-9.262292253692593e-05,0.0028879196190169294,0.43977126733945276,0.5602287326605473,0.2,False
2025-09-26,100000.0,0,0,0.0,0.0,-6.873736457965624e-05,0.0028945269763204534,0.4371727161319327,0.5628272838680672,0.2,False
2025-09-29,100000.0,0,0,0.0,0.0,-6.257583322661116e-05,0.0028908697444610275,0.4349659086632497,0.5650340913367503,0.2,False
2025-09-30,100000.0,0,0,0.0,0.0,-6.430250880368153e-05,0.002892563941541689,0.4344911385980169,0.5655088614019831,0.2,False
2025-10-01,100000.0,0,0,0.0,0.0,0.0,0.0028938339209395735,0.4331450360960065,0.5668549639039935,0.2,False
2025-10-02,100000.0,0,0,0.0,0.0,0.0,0.0028947594027438598,0.4329468302626973,0.5670531697373027,0.2,False
2025-10-03,100000.0,0,0,0.0,0.0,0.0,0.0028722133941994203,0.43932117354795075,0.5606788264520493,0.2,False
2025-10-06,100000.0,0,0,0.0,0.0,0.0,0.0028731200040250393,0.4401093066079351,0.5598906933920649,0.2,False
2025-10-07,100000.0,0,0,0.0,0.0,0.0,0.002869138728853467,0.4427068840268164,0.5572931159731835,0.2,False
2025-10-08,100000.0,0,0,0.0,0.0,0.0,0.0028666861651279385,0.44330343786413695,0.556696562135863,0.2,False
2025-10-09,100000.0,0,0,0.0,0.0,0.0,0.002857339091466619,0.4502501874799047,0.5497498125200952,0.2,False
2025-10-10,100000.0,0,0,0.0,0.0,0.0,0.002865004610849777,0.45124736312193425,0.5487526368780657,0.2,False
2025-10-13,100000.0,0,0,0.0,0.0,0.0,0.0028393483909991157,0.45970923763225974,0.5402907623677402,0.2,False
2025-10-14,100000.0,0,0,0.0,0.0,0.0,0.002835923889455463,0.46166044021203145,0.5383395597879685,0.2,False
2025-10-15,100000.0,0,0,0.0,0.0,0.0,0.0028260758879281324,0.46308342922709683,0.5369165707729031,0.2,False
2025-10-16,100000.0,0,0,0.0,0.0,0.0,0.002819326631776283,0.4665455603878069,0.5334544396121931,0.2,False
2025-10-17,100000.0,0,0,0.0,0.0,0.0,0.0028120559502792354,0.4706823436267007,0.5293176563732993,0.2,False
2025-10-20,100000.0,0,0,0.0,0.0,0.0,0.002810848470210937,0.46808948555795366,0.5319105144420464,0.2,False
2025-10-21,100000.0,0,0,0.0,0.0,0.0,0.002791512253526568,0.479398524386076,0.520601475613924,0.2,False
2025-10-22,100000.0,0,0,0.0,0.0,0.0,0.0027840435497807764,0.4822466472672796,0.5177533527327204,0.2,False
2025-10-23,100000.0,0,0,0.0,0.0,0.0,0.002774314694052149,0.4846625643289692,0.5153374356710307,0.2,False
2025-10-24,100000.0,0,0,0.0,0.0,0.0,0.002772120349797751,0.48608777539452824,0.5139122246054717,0.2,False
2025-10-27,100000.0,0,0,0.0,0.0,0.0,0.0027745665600132337,0.4843230953656261,0.5156769046343739,0.2,False
2025-10-28,100000.0,0,0,0.0,0.0,0.0,0.002756879676263515,0.4900971502356668,0.5099028497643332,0.2,False
2025-10-29,100000.0,0,0,0.0,0.0,0.0,0.0027804577830940025,0.48312127419474377,0.5168787258052563,0.2,False
2025-10-30,100000.0,0,0,0.0,0.0,0.0,0.0027864694365979685,0.4811323859484822,0.5188676140515178,0.2,False
2025-10-31,100000.0,0,0,0.0,0.0,0.0,0.0027923092410573457,0.47968935521589423,0.5203106447841057,0.2,False
2025-11-03,100000.0,0,0,0.0,0.0,-3.3563131606996457e-05,0.002790978463217118,0.47927891621205854,0.5207210837879415,0.2,False
2025-11-04,100000.0,0,0,0.0,0.0,-2.221954445906589e-05,0.0027831266241238454,0.4876407058619988,0.5123592941380012,0.2,False
2025-11-05,100000.0,0,0,0.0,0.0,-2.3828383398708018e-05,0.0027698162002920096,0.49016038124267913,0.5098396187573209,0.2,False
2025-11-06,100000.0,0,0,0.0,0.0,-1.4949033537569466e-05,0.002768620269754031,0.4934487682943756,0.5065512317056244,0.2,False
2025-11-07,100000.0,0,0,0.0,0.0,-3.3325859348063646e-05,0.002761703862451751,0.49635489038367137,0.5036451096163286,0.2,False
2025-11-10,100000.0,0,0,0.0,0.0,-3.711902991026128e-05,0.002752063601501717,0.4984371021156472,0.5015628978843528,0.2,False
2025-11-11,100000.0,0,0,0.0,0.0,-5.9510087345213864e-05,0.0027564358136610073,0.49701030315249284,0.5029896968475072,0.2,False
2025-11-12,100000.0,0,0,0.0,0.0,-9.755373986260245e-05,0.002742793855382362,0.5042212806998602,0.49577871930013984,0.2,False
2025-11-13,100000.0,0,0,0.0,0.0,-9.413333082130302e-05,0.0027556546446420287,0.5029606758979375,0.49703932410206253,0.2,False
2025-11-14,100000.0,0,0,0.0,0.0,-9.980944049004058e-05,0.0027552176800475082,0.5033223607547116,0.4966776392452884,0.2,False
2025-11-17,100000.0,0,0,0.0,0.0,-9.427718035728582e-05,0.00275920283729863,0.5037733634390931,0.49622663656090693,0.2,False
2025-11-18,100000.0,0,0,0.0,0.0,-0.00011814678201201624,0.002765272470549279,0.5018071072030882,0.4981928927969118,0.2,False
2025-11-19,100000.0,0,0,0.0,0.0,-0.00012224042331959194,0.002768269179499054,0.5012413394330398,0.49875866056696017,0.2,False
2025-11-20,100000.0,0,0,0.0,0.0,-0.00011051978658344847,0.0027685835008858365,0.5035257949936945,0.49647420500630546,0.2,False
2025-11-21,100000.0,0,0,0.0,0.0,-9.588399004428186e-05,0.0027751043322624134,0.49672150870395204,0.503278491296048,0.2,False
2025-11-24,100000.0,0,0,0.0,0.0,-0.00010731928150949872,0.0027699053647257813,0.49936348489112325,0.5006365151088767,0.2,False
2025-11-25,100000.0,0,0,0.0,0.0,-0.00010778379244659328,0.002764073189573343,0.5004314244310805,0.49956857556891954,0.2,False
2025-11-26,100000.0,0,0,0.0,0.0,-0.00011352815934939121,0.0027572397216798447,0.5032766689378225,0.4967233310621775,0.2,False
2025-11-28,100000.0,0,0,0.0,0.0,-0.00012095514804963783,0.0027505552635515595,0.5055890009626356,0.4944109990373644,0.2,False
2025-12-01,100000.0,0,0,0.0,0.0,0.0,0.002744216811864084,0.5104299026381645,0.48957009736183554,0.2,False
2025-12-02,100000.0,0,0,0.0,0.0,0.0,0.0027441924262861066,0.5087123012155804,0.4912876987844196,0.2,False
2025-12-03,100000.0,0,0,0.0,0.0,0.0,0.002746431465581995,0.5065644756581047,0.4934355243418953,0.2,False
2025-12-04,100000.0,0,0,0.0,0.0,0.0,0.00274033454646036,0.5083070776746376,0.49169292232536244,0.2,False
2025-12-05,100000.0,0,0,0.0,0.0,0.0,0.0027380449223476347,0.5087288276786675,0.49127117232133255,0.2,False
2025-12-08,100000.0,0,0,0.0,0.0,0.0,0.0027349172389138083,0.5109146650987685,0.4890853349012315,0.2,False
2025-12-09,100000.0,0,0,0.0,0.0,0.0,0.0027346795457051935,0.51057364390014,0.48942635609985996,0.2,False
2025-12-10,100000.0,0,0,0.0,0.0,0.0,0.0027317401698719415,0.5093980380622055,0.4906019619377945,0.2,False
2025-12-11,100000.0,0,0,0.0,0.0,0.0,0.002732532876366702,0.5100830160368734,0.48991698396312655,0.2,False
2025-12-12,100000.0,0,0,0.0,0.0,0.0,0.0027325560814403698,0.5104660389782569,0.48953396102174307,0.2,False
2025-12-15,100000.0,0,0,0.0,0.0,0.0,0.0027346260155197417,0.5103547355221458,0.48964526447785417,0.2,False
2025-12-16,100000.0,0,0,0.0,0.0,0.0,0.0027405057793114833,0.511579957571957,0.48842004242804304,0.2,False
2025-12-17,100000.0,0,0,0.0,0.0,0.0,0.0027508345621553958,0.5087640546986802,0.49123594530131975,0.2,False
2025-12-18,100000.0,0,0,0.0,0.0,0.0,0.0027516970804034703,0.5057818980465965,0.49421810195340354,0.2,False
2025-12-19,100000.0,0,0,0.0,0.0,0.0,0.002748276583789947,0.507082687514986,0.492917312485014,0.2,False
2025-12-22,100000.0,0,0,0.0,0.0,0.0,0.0027484402161072155,0.5045106372705022,0.49548936272949784,0.2,False
2025-12-23,100000.0,0,0,0.0,0.0,0.0,0.00276653990266975,0.49129145467068885,0.5087085453293112,0.2,False
2025-12-24,100000.0,0,0,0.0,0.0,0.0,0.002772350252598264,0.48852087371523256,0.5114791262847674,0.2,False
2025-12-26,100000.0,0,0,0.0,0.0,0.0,0.0027720194651090586,0.4878402264327396,0.5121597735672604,0.2,False
2025-12-29,100000.0,0,0,0.0,0.0,0.0,0.002770148692942679,0.4903524310303159,0.5096475689696841,0.2,False
2025-12-30,100000.0,0,0,0.0,0.0,0.0,0.002770899793965964,0.49066278148254416,0.5093372185174558,0.2,False
2025-12-31,100000.0,0,0,0.0,0.0,0.0,0.002773651505278479,0.4907967750194972,0.5092032249805027,0.2,False
