date,event,qx,qy,px,py,hedge,commission,slippage
2020-01-06,ENTRY,109,-84,22.6200008392334,29.979999542236328,1.3050672933861156,2.0755495988464356,0.9967800106048583
2020-01-14,EXIT,-109,84,23.170000076293945,30.190000534057617,,2.0757659002494813,1.012298010635376
2020-02-03,ENTRY,111,-85,22.309999465942383,29.6200008392334,1.3065975600506483,2.0755310021400453,0.9988220024108887
2020-02-18,EXIT,-111,85,22.979999542236328,30.520000457763672,,2.076523398475647,1.028995997619629
2020-02-20,ENTRY,107,-82,22.920000076293945,30.739999771118164,1.3094996967859458,2.075620399436951,0.9946239978790283
2020-02-25,EXIT,-107,82,21.459999084472656,29.290000915527344,,2.068886597061157,0.9395999954223633
2020-02-26,ENTRY,115,-88,21.190000534057617,29.0,1.3112812122850046,2.07656,0.9977700122833252
2020-03-11,EXIT,-115,88,17.459999084472656,23.420000076293945,,2.0602369968414305,0.8137719802856446
2020-03-17,ENTRY,163,-124,15.5600004196167,19.559999465942383,1.3167291394395255,2.0727631980133054,0.9923440004348754
2020-03-18,EXIT,-163,124,13.720000267028809,18.6200008392334,,2.067090801305771,0.9090480295181275
2020-03-23,ENTRY,189,-144,12.81999969482422,17.649999618530273,1.317083789752458,2.0762479983520508,0.9929159774780275
2020-03-31,EXIT,-189,144,15.539999961853027,21.850000381469727,,2.0881117997837064,1.2166920095443725
2020-04-01,ENTRY,161,-122,15.010000228881836,20.790000915527344,1.3196962136552324,2.07609140335083,0.9905980297088623
2020-04-16,EXIT,-161,122,16.40999984741211,22.440000534057617,,2.0792602992630007,1.0759380081176757
2020-04-21,ENTRY,152,-115,15.5,22.489999771118164,1.3257772234285723,2.0775904992103578,0.9884699947357178
2020-05-05,EXIT,-152,115,16.719999313354492,24.1299991607666,,2.0762431968688966,1.0632779598236084
2020-05-06,ENTRY,144,-108,16.40999984741211,23.940000534057617,1.334708749373658,2.0775656017303468,0.9897120071411133
2020-05-20,EXIT,-144,108,17.639999389648438,24.68000030517578,,2.0762047973632813,1.041119989013672
2020-06-04,ENTRY,-126,94,19.780000686645508,26.299999237060547,1.346381737114624,2.07476840259552,0.9928960029602051
2020-06-18,EXIT,126,-94,19.25,25.81999969482422,,2.072812399139404,0.9705159942626953
2020-07-06,ENTRY,-126,94,19.850000381469727,26.209999084472656,1.3496067561006226,2.0750330014419553,0.9929679924011231
2020-07-20,EXIT,126,-94,20.0,27.049999237060547,,2.0762809978485106,1.0125399856567383
2020-11-04,ENTRY,-122,90,20.530000686645508,27.549999237060547,1.359446512170148,2.0751398025131227,0.9968320030212403
2020-11-18,EXIT,122,-90,22.59000015258789,29.3700008392334,,2.0792990022659303,1.0798560188293456
2020-11-19,ENTRY,-110,82,22.760000228881836,29.489999771118164,1.3536297384432872,2.0751080007553098,0.9843560012817383
2020-12-04,EXIT,110,-82,23.56999969482422,31.34000015258789,,2.0770964003753662,1.0325159957885741
2020-12-17,ENTRY,-104,78,24.290000915527344,31.329999923706055,1.3393532541183675,2.0757848028564454,0.9939800178527832
2021-01-04,EXIT,104,-78,24.030000686645508,30.940000534057617,,2.072399601249695,0.9824880226135254
2021-01-25,ENTRY,-100,76,24.979999542236328,31.729999542236328,1.3261375704614669,2.074939998626709,0.9818959838867187
2021-02-08,EXIT,100,-76,24.989999771118164,32.459999084472656,,2.074008797912598,0.9931919815063477
2021-03-09,ENTRY,97,-74,25.200000762939453,33.5,1.3160624435620416,2.07437,0.9846800148010254
2021-03-23,EXIT,-97,74,24.549999237060547,33.86000061035156,,2.071440497779846,0.9773979942321778
2021-03-24,ENTRY,99,-75,24.540000915527344,33.86000061035156,1.3233541763152914,2.076185001373291,0.9937920272827149
2021-04-08,EXIT,-99,75,25.479999542236328,34.959999084472656,,2.0756755986404416,1.028903977203369
2021-04-09,ENTRY,95,-72,25.520000457763672,35.06999969482422,1.3300899341784393,2.07575119934082,0.9898880043029785
2021-04-23,EXIT,-95,72,26.239999771118164,35.029998779296875,,2.074783999347687,1.00299197807312
2021-05-17,ENTRY,91,-68,26.450000762939453,37.189998626708984,1.3405324051651883,2.0758675971984863,0.9871739952087403
2021-06-01,EXIT,-91,68,26.86000061035156,38.130001068115234,,2.0733278016662595,1.0074200256347654
2021-06-02,ENTRY,89,-66,27.1200008392334,38.220001220703125,1.3510404545259977,2.0756756024169922,0.9872400310516357
2021-06-16,EXIT,-89,66,26.88999938964844,37.7599983215332,,2.0717962983703613,0.9770739669799806
2021-07-02,ENTRY,92,-67,26.149999618530273,37.630001068115234,1.376922261330452,2.0756363021469117,0.9854020072937012
2021-07-15,EXIT,-92,67,25.780000686645508,36.7599983215332,,2.0711528018951415,0.9669359901428223
2021-10-15,ENTRY,92,-65,26.15999984741211,38.9900016784668,1.419999722675185,2.07603050327301,0.9882140190124511
2021-10-27,EXIT,-92,65,26.559999465942383,39.0,,2.0733055985260007,0.9957039901733398
2021-11-02,ENTRY,92,-65,26.170000076293945,39.33000183105469,1.430473921356982,2.0766935035705565,0.9928180252075195
2021-11-16,EXIT,-92,65,25.940000534057617,39.81999969482422,,2.071594401473999,0.9949560058593749
2021-11-17,ENTRY,93,-65,25.520000457763672,39.529998779296875,1.4424479139983681,2.077083497619629,0.9885619926452637
2021-12-02,EXIT,-93,65,24.65999984741211,37.52000045776367,,2.06880139957428,0.946436003112793
2021-12-21,ENTRY,-99,67,24.479999542236328,37.099998474121094,1.4848413096664028,2.072705598640442,0.9818439704895019
2022-01-03,EXIT,99,-67,24.8700008392334,38.56999969482422,,2.0775256993865967,1.0092640125274657
2022-01-05,ENTRY,-99,66,24.940000534057617,37.720001220703125,1.5024761558896504,2.0740718015861512,0.991716026687622
2022-01-07,EXIT,99,-66,24.6200008392334,38.310001373291016,,2.075853802719116,0.9931680347442626
2022-01-19,ENTRY,99,-66,24.299999237060547,38.95000076293945,1.508778852343356,2.07712100151062,0.9952799949645996
2022-02-02,EXIT,-99,66,23.280000686645508,38.84000015258789,,2.069141602039337,0.9736320156097413
2022-02-03,ENTRY,103,-68,23.020000457763672,38.18000030517578,1.5240608378707399,2.0778872006225586,0.9934600135803222
2022-02-16,EXIT,-103,68,24.36000061035156,38.720001220703125,,2.0752724018859863,1.0284080291748046
2022-02-23,ENTRY,-103,67,23.969999313354492,37.279998779296875,1.5397103941431174,2.0740672978782655,0.9933339694976806
2022-03-09,EXIT,103,-67,24.420000076293945,38.45000076293945,,2.077284501533508,1.018282011795044
2022-03-17,ENTRY,-97,63,25.3700008392334,39.630001068115234,1.5457406207355033,2.0738267024421693,0.9915160297393799
2022-03-31,EXIT,97,-63,26.43000030517578,40.209999084472656,,2.0759968982696533,1.0193879943847657
2022-04-01,ENTRY,-94,61,26.690000534057617,40.220001220703125,1.5448092998808012,2.075265801506043,0.9924560249328613
2022-04-18,EXIT,94,-61,26.309999465942383,39.709999084472656,,2.072669298324585,0.9790899787902831
2022-04-19,ENTRY,-93,61,26.63999938964844,40.02000045776367,1.5385395731230656,2.0743255982971194,0.9837479942321778
2022-05-03,EXIT,93,-61,24.790000915527344,37.459999084472656,,2.068551798324585,0.9181060058593751
2022-09-15,ENTRY,114,-73,21.40999984741211,33.97999954223633,1.567941534196238,2.0744161989974974,0.9842559898376465
2022-09-23,EXIT,-114,73,19.950000762939453,31.299999237060547,,2.068229002609253,0.9118400062561035
2022-11-14,ENTRY,-111,71,22.520000457763672,34.56999969482422,1.5688952910318987,2.074991601524353,0.9908380058288574
2022-11-29,EXIT,111,-71,23.06999969482422,34.58000183105469,,2.0736554039001467,1.0031900192260743
2022-11-30,ENTRY,-107,69,23.690000534057617,35.189998626708984,1.5625977502024526,2.076044901714325,0.992587992477417
2022-12-14,EXIT,107,-69,23.040000915527344,33.560001373291016,,2.069469202842712,0.9561840385437013
2022-12-15,ENTRY,-113,73,22.299999237060547,32.779998779296875,1.55611777432229,2.0755969974136352,0.9825679649353027
2022-12-30,EXIT,113,-73,22.229999542236328,32.72999954223633,,2.0716786989974976,0.9802559829711914
2023-01-09,ENTRY,-109,71,23.010000228881836,33.95000076293945,1.5404039882236051,2.0752427007484435,0.9837080158233643
2023-01-24,EXIT,109,-71,24.6200008392334,35.33000183105469,,2.0752529039001466,1.0384020442962645
2023-01-25,ENTRY,-103,68,24.86000061035156,35.22999954223633,1.5271988083830035,2.0768174018859864,0.9912440063476562
2023-02-08,EXIT,103,-68,24.350000381469727,35.290000915527344,,2.071991601867676,0.9815540203094482
2023-04-17,ENTRY,104,-70,23.450000762939453,35.5099983215332,1.4987576188709764,2.0745709964752197,0.9848999923706054
2023-05-01,EXIT,-104,70,23.06999969482422,35.13999938964844,,2.0719783990478513,0.971815985107422
2023-05-02,ENTRY,108,-72,22.850000381469727,34.58000183105469,1.5004065804159876,2.0746928039550783,0.9915120346069336
2023-05-16,EXIT,-108,72,22.729999542236328,34.66999816894531,,2.0736451985168456,0.9902159637451171
2023-05-17,ENTRY,106,-71,22.920000076293945,34.84000015258789,1.5033807537040071,2.0742092003250123,0.9806320037841797
2023-06-01,EXIT,-106,71,22.3700008392334,33.72999954223633,,2.071136602668762,0.953210011291504
2023-08-03,ENTRY,109,-72,22.34000015258789,34.72999954223633,1.5241300498019006,2.0750167990112303,0.9871239967346191
2023-08-17,EXIT,-109,72,21.440000534057617,33.72999954223633,,2.0701088017463682,0.9531040050506592
2023-08-18,ENTRY,113,-74,21.459999084472656,33.72999954223633,1.528603895517817,2.0748805989837646,0.9841999725341797
2023-09-01,EXIT,-113,74,22.25,34.93000030517578,,2.0754275,1.0198140045166015
2023-09-14,ENTRY,109,-71,22.329999923706055,35.2400016784668,1.5360041212591358,2.0750612035751343,0.9872020221710205
2023-09-28,EXIT,-109,71,21.6299991607666,33.72999954223633,,2.070730097255707,0.9504999752044678
2023-10-09,ENTRY,-115,75,21.459999084472656,33.13999938964844,1.5421515106185388,2.0740369968414307,0.9906799697875976
2023-10-13,EXIT,115,-75,21.15999984741211,33.18000030517578,,2.0746550006866453,0.9843800010681152
2023-10-30,ENTRY,-118,77,20.799999237060547,31.81999969482422,1.544136868574278,2.073631997299194,0.9809079772949219
2023-11-13,EXIT,118,-77,21.489999771118164,33.459999084472656,,2.077292597885132,1.0224479804992677
2023-12-13,ENTRY,-105,68,23.6200008392334,35.790000915527344,1.5447228705142433,2.074403002643585,0.9827640300750733
2023-12-28,EXIT,105,-68,24.489999771118164,36.70000076293945,,2.0748680015563963,1.013410005569458
2023-12-29,ENTRY,-103,67,24.34000015258789,36.68000030517578,1.5483044626198992,2.0752106004714967,0.992916007232666
2024-01-16,EXIT,103,-67,23.100000381469727,35.970001220703125,,2.072299702453613,0.9578580242156982
2024-03-18,ENTRY,101,-66,24.079999923706055,37.720001220703125,1.5426929668593414,2.0746856024169924,0.9843200145721436
2024-03-28,EXIT,-101,66,24.65999984741211,38.279998779296875,,2.0747197995376587,1.0034279808044433
2024-04-17,ENTRY,105,-68,23.5,36.77000045776367,1.5464554573555267,2.0750108009338377,0.993572006225586
2024-05-01,EXIT,-105,68,23.38999938964844,36.939998626708984,,2.073678498077393,0.9935739685058594
2024-06-06,ENTRY,-99,64,25.100000381469727,37.9900016784668,1.5494576268891016,2.074547001132965,0.9832520290374756
2024-06-21,EXIT,99,-64,24.3700008392334,36.4900016784668,,2.070060803222656,0.9495980381011963
2024-06-24,ENTRY,-102,66,24.459999084472656,37.08000183105469,1.5574789363712462,2.0748475971984863,0.9884400054931641
2024-07-09,EXIT,102,-66,24.770000457763672,37.540000915527344,,2.074329201812744,1.0008360214233398
2024-07-15,ENTRY,-97,63,25.540000915527344,38.599998474121094,1.5495552180088488,2.0743214026641845,0.9818359985351562
2024-07-19,EXIT,97,-63,24.950000762939453,38.380001068115234,,2.072538202018738,0.9676180282592773
2024-08-16,ENTRY,97,-63,24.950000762939453,39.27000045776367,1.5500518422640832,2.074220300865173,0.9788320205688477
2024-08-20,EXIT,-97,63,25.260000228881836,39.45000076293945,,2.073506600666046,0.9871140140533448
2024-10-17,ENTRY,93,-60,26.459999084472656,41.880001068115234,1.5540847632484938,2.0753840019226075,0.9947159957885743
2024-10-31,EXIT,-93,60,25.350000381469727,40.630001068115234,,2.070726501064301,0.9590700199127198
2024-11-01,ENTRY,95,-61,25.450000762939453,40.66999816894531,1.5609855854808579,2.07442609664917,0.9797239921569825
2024-11-15,EXIT,-95,61,25.56999969482422,41.720001220703125,,2.072874499130249,0.9948140090942383
2024-11-18,ENTRY,94,-60,25.920000076293945,42.029998779296875,1.5701433057942096,2.075653997802734,0.9916559867858886
2024-12-03,EXIT,-94,60,26.290000915527344,43.0,,2.074137802581787,1.010252017211914
2024-12-05,ENTRY,91,-58,26.09000015258789,43.279998779296875,1.5810881199799312,2.0753071978759765,0.9768859886169434
2024-12-19,EXIT,-91,58,23.829999923706055,39.63999938964844,,2.0650558997917177,0.8935299915313721
2024-12-23,ENTRY,100,-63,24.100000381469727,40.150001525878906,1.5996918750880058,2.075883502883911,0.9878900268554688
2025-01-08,EXIT,-100,63,24.36000061035156,40.79999923706055,,2.0730800018310545,1.001280002593994
2025-03-20,ENTRY,102,-62,23.530000686645508,41.029998779296875,1.6468263648201846,2.0763157977294924,0.9887839988708496
2025-04-03,EXIT,-102,62,23.25,40.619998931884766,,2.071145,0.9779879867553711
2025-04-08,ENTRY,114,-69,20.81999969482422,37.16999816894531,1.6637114462610154,2.076941896209717,0.9876419677734375
2025-04-10,EXIT,-114,69,22.350000381469727,38.7400016784668,,2.0764370013046265,1.0441920318603515
2025-05-05,ENTRY,-97,58,24.989999771118164,42.65999984741211,1.6802128966744114,2.072720899333954,0.9796619937896729
2025-05-19,EXIT,97,-58,25.6299991607666,44.04999923706055,,2.0766469986724854,1.0082019748687743
2025-06-05,ENTRY,-93,55,26.36000061035156,45.31999969482422,1.694281951267991,2.073544401702881,0.9888160079956054
2025-06-16,EXIT,93,-55,26.09000015258789,45.7599983215332,,2.0755039972305296,0.988633984375
2025-09-04,ENTRY,89,-51,26.899999618530273,49.119998931884766,1.7475284475228778,2.075153598365784,0.9798439823150635
2025-09-18,EXIT,-89,51,26.88999938964844,50.18000030517578,,2.0717962983703613,0.9904779922485353
2025-09-19,ENTRY,88,-50,26.88999938964844,50.72999954223633,1.7617341037560925,2.0760949993133546,0.9805639846801759
2025-10-03,EXIT,-88,50,27.43000030517578,51.2400016784668,,2.072415200805664,0.9951680221557617
2025-10-06,ENTRY,87,-49,27.36000061035156,51.29999923706055,1.7818206228363211,2.075410998878479,0.9788040031433105
2025-10-20,EXIT,-87,49,27.260000228881836,50.720001220703125,,2.0711486005973816,0.9713800159454345
2025-11-12,ENTRY,89,-49,26.579999923706055,51.75,1.8177336532925257,2.0760725,0.9802739986419677
2025-11-26,EXIT,-89,49,25.81999969482422,52.25,,2.0689393991851808,0.971645994567871
2025-11-28,ENTRY,90,-49,25.850000381469727,52.70000076293945,1.843263092846577,2.077469001121521,0.9817600143432617
2025-12-12,EXIT,-90,49,26.520000457763672,53.88999938964844,,2.0716040012359622,1.0054820022583009
2025-12-15,ENTRY,89,-48,26.420000076293945,53.79999923706055,1.8729417249307552,2.077471998901367,0.9867559940338135
2025-12-30,EXIT,-89,48,26.40999984741211,54.29999923706055,,2.0705146995925903,0.9913779899597168
2026-02-02,ENTRY,-88,45,27.950000762939453,54.54999923706055,1.9581708748992221,2.07378800201416,0.9828700065612793
2026-02-17,EXIT,88,-45,29.31999969482422,55.86000061035156,,2.0754110008239746,1.0187720001220704
2026-02-18,ENTRY,-84,43,29.309999465942383,56.459999084472656,1.9551491528191194,2.073861198654175,0.9779639831542968
2026-03-04,EXIT,84,-43,29.350000381469727,57.470001220703125,,2.074136301574707,0.9873220169067383
2026-03-20,ENTRY,-89,46,27.299999237060547,53.209999084472656,1.9522637112830132,2.0728909979629515,0.9754719779968262
2026-04-06,EXIT,89,-46,28.219999313354492,55.4900016784668,,2.0765762023162844,1.0128240032196043
2026-04-09,ENTRY,-84,43,29.770000457763672,56.439998626708984,1.9536779514643283,2.0750204011535645,0.9855199958801268
2026-04-23,EXIT,84,-43,29.270000457763672,57.84000015258789,,2.0746136001968383,0.9891600090026855
2026-08-05,ENTRY,-80,40,30.13999938964844,60.779998779296875,2.023212540944477,2.072335998535156,0.9684799804687501
2026-08-11,EXIT,80,-40,29.950000762939453,61.5099983215332,,2.07381199798584,0.9712799987792968
2026-08-17,ENTRY,81,-40,29.549999237060547,62.18000030517578,2.025389549268087,2.074616000366211,0.9761499900817872
2026-08-20,EXIT,-81,40,29.75,61.77000045776367,,2.0722925,0.9761100036621093
