id,model,window,process_variance,entry,exit,stop,holding,reverting_only,cost_buffer,train_return,train_final_equity,train_drawdown,train_sharpe,train_entries,train_commission,train_slippage,train_borrow,train_dividends_net,train_max_gross,train_max_abs_net
0,kalman,20,1e-07,1.0,0.1,4.0,10,False,1.5,0.013924850935246758,101392.48509352466,-0.012647922489469887,0.39764640428913284,112,1015.8728467653467,900.8721260478972,814.6057172772655,-371.9849999999999,21417.35987854004,939.2499237060529
1,kalman,20,1e-07,1.0,0.1,4.0,10,True,1.5,0.004098513672479598,100409.85136724796,-0.010142639480073656,0.14417229956715308,65,580.5723632872964,519.6038953735352,533.7179928350578,-94.33000000000003,20924.280303955078,696.6603908538818
2,kalman,20,1e-07,1.0,0.1,4.0,30,False,1.5,0.02191477745195658,102191.47774519566,-0.00930997166008296,0.6100054001933902,76,692.7089792924694,614.23768910141,869.5689106291155,-375.51400000000007,21794.96075439453,939.2499237060529
3,kalman,20,1e-07,1.0,0.1,4.0,30,True,1.5,0.00740787039145574,100740.78703914558,-0.01132507506386371,0.24783655734123133,47,422.4776137136269,376.69799157791147,603.3497077966457,-207.64399999999998,21111.01073074341,715.8003921508789
4,kalman,20,1e-07,1.0,0.5,4.0,10,False,1.5,0.003687019287517801,100368.70192875178,-0.012486086192871837,0.11290645809124597,119,1073.6103157342527,953.724700322342,729.1303936773321,-272.38,21378.449878692627,924.8599243164044
5,kalman,20,1e-07,1.0,0.5,4.0,10,True,1.5,0.00024613872959533545,100024.61387295953,-0.00973655575553467,0.012282641731743902,68,606.8161267170526,542.9349670272827,466.17970037967166,-93.068,20924.280303955078,696.6603908538818
6,kalman,20,1e-07,1.0,0.5,4.0,30,False,1.5,0.009635936381326093,100963.5936381326,-0.007925924733672929,0.2849198146108932,88,798.977287703304,708.73122937355,749.3915306579905,-275.673,21755.40075302124,924.8599243164044
7,kalman,20,1e-07,1.0,0.5,4.0,30,True,1.5,0.002114549257535181,100211.45492575351,-0.008654071982062805,0.07785203841487681,51,458.5207866972732,408.1880473049165,493.25886721268756,-207.45399999999995,21111.01073074341,715.8003921508789
8,kalman,20,1e-07,1.5,0.1,4.0,10,False,1.5,0.015765949034561633,101576.59490345616,-0.012179555188381985,0.5035465088018422,78,704.5577004794696,628.8240922069549,655.3259003694611,-160.935,21167.11982345581,893.0399742126465
9,kalman,20,1e-07,1.5,0.1,4.0,10,True,1.5,0.007800287464991618,100780.02874649917,-0.009225368492483677,0.312008081958675,44,396.80601931507124,353.3725876949309,424.08650990938156,-250.72200000000004,20971.74008178711,712.2603931427002
10,kalman,20,1e-07,1.5,0.1,4.0,30,False,1.5,0.027011173802004462,102701.11738020045,-0.008771128897838043,0.7957542354824245,65,588.71340763752,527.4720570056913,771.8139613545047,-277.77399999999994,21332.429397583008,893.0399742126465
11,kalman,20,1e-07,1.5,0.1,4.0,30,True,1.5,0.012068477498183183,101206.84774981832,-0.0098440956460073,0.4255946462810317,39,352.7135303215026,313.89334385643,529.4178606991184,-365.76300000000003,21020.170082092285,712.2603931427002
12,kalman,20,1e-07,1.5,0.5,4.0,10,False,1.5,0.011490069111304235,101149.00691113042,-0.009809608906080736,0.3858245906945813,81,731.4594868091201,653.0709935073855,583.2990129721142,-160.64999999999998,21167.11982345581,893.0399742126465
13,kalman,20,1e-07,1.5,0.5,4.0,10,True,1.5,0.0036723462826504516,100367.23462826505,-0.010053545128397623,0.15305974995164892,44,396.3186127052497,352.8322877750396,379.412279375416,-250.27700000000004,20923.310081481934,712.2603931427002
14,kalman,20,1e-07,1.5,0.5,4.0,30,False,1.5,0.01718695614835708,101718.69561483571,-0.007223283350014431,0.537923404290335,71,641.5357980295753,574.904818634796,650.6138995424557,-276.69199999999995,21332.429397583008,893.0399742126465
15,kalman,20,1e-07,1.5,0.5,4.0,30,True,1.5,0.007014209581284625,100701.42095812847,-0.007921679313730667,0.2628174893976661,41,370.5719737104799,329.45230773925783,436.05109611511216,-365.879,21020.170082092285,708.7203941345215
16,kalman,20,1e-07,2.0,0.1,4.0,10,False,1.5,0.007352416970463738,100735.24169704638,-0.008563620316796805,0.27614484919706567,54,486.97550872890463,434.18930110511786,474.57022784559695,43.56699999999999,21118.559823989868,699.5401840209961
17,kalman,20,1e-07,2.0,0.1,4.0,10,True,1.5,-0.0007177798005397751,99928.22201994603,-0.00962173675735234,-0.03366515650895335,23,209.46885477304463,184.38093956069943,248.80658519530627,-114.74200000000003,20658.19014930725,534.0498447418213
18,kalman,20,1e-07,2.0,0.1,4.0,30,False,1.5,0.020059196844194105,102005.91968441941,-0.008506183601234452,0.6663894231770913,50,454.0315415987017,405.7067810626983,630.4249261925579,-72.78499999999997,21332.429397583008,708.4500942230243
19,kalman,20,1e-07,2.0,0.1,4.0,30,True,1.5,0.0024624857476625017,100246.24857476626,-0.01118033972199517,0.11009744932939669,23,209.7781936527634,184.92901767807007,364.57267444344075,-228.96000000000004,20809.980068206787,696.2100944519061
20,kalman,20,1e-07,2.0,0.5,4.0,10,False,1.5,0.006954236094292465,100695.42360942924,-0.0077223874812047955,0.2682871439551954,55,496.56388085062025,442.55533248443606,420.2547964067854,-93.93,21167.11982345581,699.5401840209961
21,kalman,20,1e-07,2.0,0.5,4.0,10,True,1.5,-0.0028515626455849485,99714.84373544151,-0.011736580285073739,-0.1456952880934353,23,209.21050806842808,184.05176968765252,219.03144374209893,-114.55200000000004,20658.19014930725,538.649845123291
22,kalman,20,1e-07,2.0,0.5,4.0,30,False,1.5,0.016711109399285995,101671.11093992859,-0.007160315462357736,0.5892740295729342,53,481.269054359398,429.5968385478975,493.80105420324224,-210.31999999999994,21332.429397583008,712.5300941467303
23,kalman,20,1e-07,2.0,0.5,4.0,30,True,1.5,0.0005572241200284545,100055.72241200285,-0.009606034509731631,0.02906344728404304,23,209.66739064205174,184.44246959838873,268.42587259303053,-228.77000000000004,20809.980068206787,696.2100944519061
24,kalman,20,1e-07,2.5,0.1,4.0,10,False,1.5,0.0015659624534456462,100156.59624534457,-0.00633376358342197,0.0714062622145094,34,308.39595894933706,272.1115789413452,320.8561325058089,-114.74200000000003,20971.74008178711,687.5601825714111
25,kalman,20,1e-07,2.5,0.1,4.0,10,True,1.5,0.0016312936857652005,100163.12936857653,-0.0073948337414121434,0.13438462272959875,10,89.69390360591889,80.36548215065002,99.64088700908503,0.0,20729.299812316895,669.8996810913086
26,kalman,20,1e-07,2.5,0.1,4.0,30,False,1.5,0.01566350413145079,101566.35041314509,-0.007422907305775772,0.6024082867919497,34,311.1239149391175,275.0845852943421,454.40855607338466,-231.102,21186.530082702637,695.9801845550537
27,kalman,20,1e-07,2.5,0.1,4.0,30,True,1.5,0.0001933392414166235,100019.33392414165,-0.009786906007467455,0.015007422659588354,10,89.62426512529375,80.36259827270509,168.63453518368448,-113.395,20729.299812316895,702.4200954437274
28,kalman,20,1e-07,2.5,0.5,4.0,10,False,1.5,-0.0022637926392644614,99773.62073607356,-0.007505025105001173,-0.09843430403633073,34,307.7616259387971,271.4706229942322,287.87596363229596,-114.55200000000004,20853.810081481934,687.5601825714111
29,kalman,20,1e-07,2.5,0.5,4.0,10,True,1.5,0.002104177954264097,100210.41779542642,-0.006312711462568732,0.1743713853473205,10,89.71165328914644,80.32714013557433,94.06200970537364,0.0,20570.60052871704,669.8996810913086
30,kalman,20,1e-07,2.5,0.5,4.0,30,False,1.5,0.00940002683369956,100940.00268336995,-0.005373878007214561,0.38603788418731866,34,310.39478882987976,274.0424170383454,352.6412443523667,-230.08900000000003,21138.10008239746,699.5401840209961
31,kalman,20,1e-07,2.5,0.5,4.0,30,True,1.5,0.0022440348063530458,100224.40348063532,-0.006487661067662187,0.17152933231788073,10,89.7611333960724,80.29036820068359,115.23575250913014,-114.02799999999999,20570.60052871704,702.4200954437274
32,kalman,20,1e-05,1.0,0.1,4.0,10,False,1.5,-0.0002868639850859278,99971.3136014914,-0.021281651299746684,-0.003969634283302007,103,927.3915383500292,824.8350960231775,764.6679835112068,-105.53500000000005,21404.519889831543,610.3393917083758
33,kalman,20,1e-05,1.0,0.1,4.0,10,True,1.5,0.005805116079416139,100580.5116079416,-0.009472396766782798,0.21125811420766996,64,578.0420798400115,513.0121031978607,489.6265538233927,-250.281,21025.230306625366,573.1193904876727
34,kalman,20,1e-05,1.0,0.1,4.0,30,False,1.5,0.0038705402423977464,100387.05402423978,-0.01824636318231798,0.11429059736029407,83,752.0368272048759,667.153684696579,773.6369726937696,-106.84200000000003,21959.210090637207,610.3393917083758
35,kalman,20,1e-05,1.0,0.1,4.0,30,True,1.5,0.000803275832106376,100080.32758321064,-0.011909128371213051,0.031354589675351235,55,498.0331991749574,440.3538111763,508.7501887561328,-250.091,21100.050086975098,573.1193904876727
36,kalman,20,1e-05,1.0,0.5,4.0,10,False,1.5,-0.009618455952343452,99038.15440476565,-0.02224533563690889,-0.294489483568522,116,1043.2532292762562,925.2346053932185,657.6518782406114,-377.96400000000006,21365.60988998413,605.2293930053729
37,kalman,20,1e-05,1.0,0.5,4.0,10,True,1.5,0.0016297365876807302,100162.97365876807,-0.008585035354985227,0.06835232320881848,68,614.4875260753442,543.9711790126801,407.4632623493767,-250.281,20979.370306015015,573.1193904876727
38,kalman,20,1e-05,1.0,0.5,4.0,30,False,1.5,-0.0038925108740500702,99610.748912595,-0.018976043139919407,-0.1179876816452343,100,907.750668023262,801.4063939411158,646.1745373273351,-379.81800000000004,21529.630088806152,610.3393917083758
39,kalman,20,1e-05,1.0,0.5,4.0,30,True,1.5,-0.00014190524674817517,99985.80947532518,-0.008444350628825537,-0.002503833826539314,61,554.4558493839455,488.0089388679506,400.0426597016738,-250.281,21100.050086975098,573.1193904876727
40,kalman,20,1e-05,1.5,0.1,4.0,10,False,1.5,0.013331164169843479,101333.11641698435,-0.010235045726460723,0.43118274364425746,77,700.017068450852,621.7649150970461,610.1401710009116,-381.616,21208.550064086914,601.9493885040301
41,kalman,20,1e-05,1.5,0.1,4.0,10,True,1.5,-0.004490024751758304,99550.99752482417,-0.013008249756858548,-0.19342864313628344,41,368.74031564737305,326.90261563453674,345.01186275680766,-249.64600000000002,20593.32014465332,573.1193904876727
42,kalman,20,1e-05,1.5,0.1,4.0,30,False,1.5,0.010938380706944084,101093.83807069442,-0.011261942789168589,0.3336380575663782,71,644.609667349167,573.0546476047517,678.3855350518423,-381.36400000000003,21411.700088500977,596.8393898010272
43,kalman,20,1e-05,1.5,0.1,4.0,30,True,1.5,-0.0051878256828897795,99481.21743171102,-0.014117901809288846,-0.2064644983716469,40,359.97532774124136,318.97627762184146,397.31293648236453,-249.64600000000002,20933.690086364746,573.1193904876727
44,kalman,20,1e-05,1.5,0.5,4.0,10,False,1.5,0.004396467834191675,100439.64678341917,-0.010656725909924836,0.15804812525246156,84,765.4376421333119,675.0118363925933,522.7056625698038,-380.82500000000005,21160.13006401062,596.8393898010272
45,kalman,20,1e-05,1.5,0.5,4.0,10,True,1.5,-0.005769619896034084,99423.03801039659,-0.013298673633019398,-0.278481721327274,44,397.6650516757773,350.7273574928285,278.7245014553331,-249.836,20559.72952079773,578.2293891906756
46,kalman,20,1e-05,1.5,0.5,4.0,30,False,1.5,0.0053576003637250125,100535.7600363725,-0.010886944071102023,0.18726854329749415,80,730.1392121252441,643.6880067935941,550.1101263462226,-381.07700000000006,21363.2700881958,596.8393898010272
47,kalman,20,1e-05,1.5,0.5,4.0,30,True,1.5,-0.0050572332692800925,99494.27667307199,-0.012591681728959081,-0.23666456880012599,43,389.27542997339236,343.11852160415657,292.6285807337826,-250.091,21030.550086975098,578.2293891906756
48,kalman,20,1e-05,2.0,0.1,4.0,10,False,1.5,0.01731892070242469,101731.89207024247,-0.005078724441764937,0.6543963815676016,57,519.6503032295608,460.7756786811829,447.0541793226473,-315.7830000000001,21190.620086669922,596.8393898010272
49,kalman,20,1e-05,2.0,0.1,4.0,10,True,1.5,0.004895372985187718,100489.53729851877,-0.005164577805269244,0.28151821721328407,25,224.5075744506646,200.4945316963196,199.5588247043139,-251.54000000000002,20593.32014465332,573.1193904876727
50,kalman,20,1e-05,2.0,0.1,4.0,30,False,1.5,0.013683614404887967,101368.36144048879,-0.006462945623954219,0.4856407893863591,55,501.0039133513068,444.62668651885974,497.68245246944747,-315.7830000000001,21190.620086669922,596.8393898010272
51,kalman,20,1e-05,2.0,0.1,4.0,30,True,1.5,0.0040080433676565885,100400.80433676565,-0.005427881652649735,0.21776435101421035,25,224.3908028644181,200.4170157081604,224.88193172836299,-251.28500000000003,20593.32014465332,573.1193904876727
52,kalman,20,1e-05,2.0,0.5,4.0,10,False,1.5,0.012740001500852527,101274.00015008525,-0.004703970708578975,0.5271727204119895,59,537.478766892681,475.65475012931824,375.06986504322225,-315.1720000000001,21190.620086669922,591.7293910980243
53,kalman,20,1e-05,2.0,0.5,4.0,10,True,1.5,0.0021418214196953222,100214.18214196953,-0.0046472676281203995,0.14229597024336776,25,224.13534457372674,199.73077971611022,146.40640163306665,-251.28500000000003,20515.859521865845,573.1193904876727
54,kalman,20,1e-05,2.0,0.5,4.0,30,False,1.5,0.010395105522276626,101039.51055222766,-0.005514489977257342,0.41800334951862317,58,528.2500958393479,467.45278263702403,392.0906740324466,-315.1720000000001,21190.620086669922,591.7293910980243
55,kalman,20,1e-05,2.0,0.5,4.0,30,True,1.5,0.0011901297633962749,100119.01297633963,-0.005592511974006342,0.07867173656178646,25,224.01942167469025,199.67056165580746,147.9820739754977,-251.28500000000003,20515.859521865845,573.1193904876727
56,kalman,20,1e-05,2.5,0.1,4.0,10,False,1.5,0.013201643541505659,101320.16435415056,-0.0050453291012309,0.6303878276012913,29,266.4645401312828,234.39644733467097,245.50940388217043,-253.90400000000005,21160.480228424072,539.5593776702899
57,kalman,20,1e-05,2.5,0.1,4.0,10,True,1.5,-0.0007215469362409355,99927.84530637591,-0.004725991231728455,-0.0689160807192916,8,70.00406488786699,63.33386397171021,74.40109734511698,-132.755,20250.360065460205,364.2396774291992
58,kalman,20,1e-05,2.5,0.1,4.0,30,False,1.5,0.010308687032262398,101030.86870322624,-0.006003122817633932,0.457725229829096,29,266.12131297700876,234.13582525634766,290.4873440567433,-253.45900000000006,21095.759828567505,539.5593776702899
59,kalman,20,1e-05,2.5,0.1,4.0,30,True,1.5,-0.0006369917811160919,99936.30082188839,-0.005059979672765613,-0.055754249720568874,8,70.03665257871629,63.49765389633179,85.9789710628039,-132.755,20301.120065689087,375.6702365875244
60,kalman,20,1e-05,2.5,0.5,4.0,10,False,1.5,0.005607219951991205,100560.72199519911,-0.008085078829347503,0.3078992686755789,29,264.88873394727705,232.48220730590825,194.73701914465926,-251.73000000000002,20993.400226593018,534.449378967287
61,kalman,20,1e-05,2.5,0.5,4.0,10,True,1.5,-0.0002661158788830331,99973.3884121117,-0.00473617122110781,-0.028360349317410754,8,70.00850507225036,63.120241894149785,59.856520197463354,-132.755,20301.120065689087,364.2396774291992
62,kalman,20,1e-05,2.5,0.5,4.0,30,False,1.5,0.00304818344814195,100304.8183448142,-0.008817035295790143,0.16238379250402205,29,264.6815673794556,232.3024095169068,205.5787241269464,-251.73000000000002,20998.63982963562,534.449378967287
63,kalman,20,1e-05,2.5,0.5,4.0,30,True,1.5,-0.0012089522117728624,99879.10477882272,-0.005675336047033519,-0.12669193748041424,8,70.01076437326431,63.168883834075935,61.49962021119626,-132.755,20301.120065689087,364.2396774291992
64,kalman,20,0.001,1.0,0.1,4.0,10,False,1.5,-0.008532753105368274,99146.72468946317,-0.01608323693344771,-0.29818869511225926,175,1581.3687809577561,1399.669546898653,525.4303398277076,-251.13600000000005,20875.549686431885,473.79944229125977
65,kalman,20,0.001,1.0,0.1,4.0,10,True,1.5,-0.0022061607136183436,99779.38392863817,-0.00804925552057778,-0.15798801235269208,45,405.8008377284431,360.9314526157379,118.4585985377586,-67.344,20489.899766921997,341.0394401550293
66,kalman,20,0.001,1.0,0.1,4.0,30,False,1.5,-0.0006140339480575907,99938.59660519424,-0.011152293203272823,-0.020621068641219844,131,1203.5499447925185,1053.1597578742992,418.93448855632647,-249.95600000000002,20728.680236816406,479.57944107055664
67,kalman,20,0.001,1.0,0.1,4.0,30,True,1.5,0.005046644529338007,100504.66445293381,-0.002754449753438415,0.46629624680536763,28,257.7022817170334,225.15247864303592,68.86870708575314,0.0,20489.899766921997,341.0394401550293
68,kalman,20,0.001,1.0,0.5,4.0,10,False,1.5,-0.01322554704708756,98677.44529529124,-0.018022884144141993,-0.5191307308359429,191,1722.4533146417623,1524.0547927619925,441.58957145675254,-248.13600000000002,20693.46008872986,473.79944229125977
69,kalman,20,0.001,1.0,0.5,4.0,10,True,1.5,0.00051045150887985,100051.04515088798,-0.0057968064382647455,0.0424130062181578,45,405.9845267461015,361.0642246566773,95.22188774824795,-67.344,20494.33985519409,346.8194389343262
70,kalman,20,0.001,1.0,0.5,4.0,30,False,1.5,-0.007339143559201067,99266.0856440799,-0.01338720961976625,-0.32091782895714377,140,1281.5520713308908,1120.777615950775,332.3076408064333,-249.28600000000003,20693.46008872986,473.79944229125977
71,kalman,20,0.001,1.0,0.5,4.0,30,True,1.5,0.005698314029829676,100569.83140298298,-0.0033777441666171804,0.547934804360954,28,257.85621530881883,225.1936745647431,59.76647134937653,0.0,20489.899766921997,341.0394401550293
72,kalman,20,0.001,1.5,0.1,4.0,10,False,1.5,-0.00744449571062844,99255.55042893716,-0.014173578469368175,-0.31079386612310456,107,968.2131031142044,855.851659753418,352.2839880656931,-183.34300000000005,20875.549686431885,488.21944427490234
73,kalman,20,0.001,1.5,0.1,4.0,10,True,1.5,0.0033267926339328735,100332.67926339328,-0.001729200718796342,0.40250026457440585,21,189.89219587467193,168.01442234191893,50.360720257798285,0.0,20440.19969177246,275.84922981262207
74,kalman,20,0.001,1.5,0.1,4.0,30,False,1.5,-0.004388696420590588,99561.13035794094,-0.011138496132919284,-0.18632606154269263,99,900.3566446199032,793.4701418937681,322.3027136081016,-181.67200000000003,20728.680236816406,473.79944229125977
75,kalman,20,0.001,1.5,0.1,4.0,30,True,1.5,0.003718420456813254,100371.84204568133,-0.001729200718796342,0.450957888230322,20,181.3440471680069,160.03474228744506,49.545594764343676,0.0,20440.19969177246,275.84922981262207
76,kalman,20,0.001,1.5,0.5,4.0,10,False,1.5,-0.011066749990014335,98893.32500099856,-0.01579863010581739,-0.5332933543739454,116,1047.9281991645244,926.9117721935271,271.9953616124505,-180.923,20693.46008872986,488.21944427490234
77,kalman,20,0.001,1.5,0.5,4.0,10,True,1.5,0.003744453252862323,100374.44532528623,-0.0019196543769087748,0.4849176105769525,21,190.14439326145165,168.16909821472166,47.96753974397213,0.0,20440.19969177246,275.84922981262207
78,kalman,20,0.001,1.5,0.5,4.0,30,False,1.5,-0.0077755692236195495,99222.44307763805,-0.012523197088652238,-0.378961046676143,106,961.0043319846727,847.8994563430786,245.91406347750296,-180.923,20693.46008872986,488.21944427490234
79,kalman,20,0.001,1.5,0.5,4.0,30,True,1.5,0.004132898588402378,100413.28985884025,-0.0017326531418105917,0.5368688127708751,20,181.56400145471568,160.15958815994261,47.14273288057926,0.0,20440.19969177246,275.84922981262207
80,kalman,20,0.001,2.0,0.1,4.0,10,False,1.5,0.0119340855778165,101193.40855778166,-0.005199873162135327,0.6443017951969569,67,612.5121855040169,541.8831317577362,199.5596040673451,-182.67800000000005,20885.16939353943,485.3594398498535
81,kalman,20,0.001,2.0,0.1,4.0,10,True,1.5,0.0010521016246916037,100105.21016246916,-0.0012665913520348848,0.19175772181665482,6,54.11548288644791,47.895688002395616,13.197751190969388,0.0,20440.19969177246,248.8699722290039
82,kalman,20,0.001,2.0,0.1,4.0,30,False,1.5,0.0119340855778165,101193.40855778166,-0.005199873162135327,0.6443017951969569,67,612.5121855040169,541.8831317577362,199.5596040673451,-182.67800000000005,20885.16939353943,485.3594398498535
83,kalman,20,0.001,2.0,0.1,4.0,30,True,1.5,0.0010521016246916037,100105.21016246916,-0.0012665913520348848,0.19175772181665482,6,54.11548288644791,47.895688002395616,13.197751190969388,0.0,20440.19969177246,248.8699722290039
84,kalman,20,0.001,2.0,0.5,4.0,10,False,1.5,0.003894252292053757,100389.42522920537,-0.008105117138768936,0.22374785350764692,69,628.7866086583899,556.2381622001648,159.68489178179385,-182.298,20752.329397201538,485.3594398498535
85,kalman,20,0.001,2.0,0.5,4.0,10,True,1.5,0.0010521016246916037,100105.21016246916,-0.0012665913520348848,0.19175772181665482,6,54.11548288644791,47.895688002395616,13.197751190969388,0.0,20440.19969177246,248.8699722290039
86,kalman,20,0.001,2.0,0.5,4.0,30,False,1.5,0.003894252292053757,100389.42522920537,-0.008105117138768936,0.22374785350764692,69,628.7866086583899,556.2381622001648,159.68489178179385,-182.298,20752.329397201538,485.3594398498535
87,kalman,20,0.001,2.0,0.5,4.0,30,True,1.5,0.0010521016246916037,100105.21016246916,-0.0012665913520348848,0.19175772181665482,6,54.11548288644791,47.895688002395616,13.197751190969388,0.0,20440.19969177246,248.8699722290039
88,kalman,20,0.001,2.5,0.1,4.0,10,False,1.5,0.006019705717221102,100601.97057172211,-0.003933421046828589,0.44127026707337186,32,294.08460303153987,257.23795416831973,115.11013214069517,-182.02800000000002,20752.329397201538,429.44921493530273
89,kalman,20,0.001,2.5,0.1,4.0,10,True,1.5,0.0011660535850979148,100116.60535850978,-0.0005049444534411807,0.5089709547240673,3,27.070460081005095,24.10474786491394,5.818842647709258,0.0,20317.089950561523,248.8699722290039
90,kalman,20,0.001,2.5,0.1,4.0,30,False,1.5,0.006019705717221102,100601.97057172211,-0.003933421046828589,0.44127026707337186,32,294.08460303153987,257.23795416831973,115.11013214069517,-182.02800000000002,20752.329397201538,429.44921493530273
91,kalman,20,0.001,2.5,0.1,4.0,30,True,1.5,0.0011660535850979148,100116.60535850978,-0.0005049444534411807,0.5089709547240673,3,27.070460081005095,24.10474786491394,5.818842647709258,0.0,20317.089950561523,248.8699722290039
92,kalman,20,0.001,2.5,0.5,4.0,10,False,1.5,0.0017944568430516838,100179.44568430517,-0.004454422708662031,0.14572335617515314,32,293.68550577199926,256.94081849479664,84.9413174016247,-181.27900000000005,20688.419399261475,429.44921493530273
93,kalman,20,0.001,2.5,0.5,4.0,10,True,1.5,0.0011660535850979148,100116.60535850978,-0.0005049444534411807,0.5089709547240673,3,27.070460081005095,24.10474786491394,5.818842647709258,0.0,20317.089950561523,248.8699722290039
94,kalman,20,0.001,2.5,0.5,4.0,30,False,1.5,0.0017944568430516838,100179.44568430517,-0.004454422708662031,0.14572335617515314,32,293.68550577199926,256.94081849479664,84.9413174016247,-181.27900000000005,20688.419399261475,429.44921493530273
95,kalman,20,0.001,2.5,0.5,4.0,30,True,1.5,0.0011660535850979148,100116.60535850978,-0.0005049444534411807,0.5089709547240673,3,27.070460081005095,24.10474786491394,5.818842647709258,0.0,20317.089950561523,248.8699722290039
96,kalman,60,1e-07,1.0,0.1,4.0,10,False,1.5,0.011032855251056795,101103.28552510569,-0.012519558783073537,0.3096232224618306,73,661.1272443557554,587.052198973465,763.6702145637623,-106.82699999999997,21820.92008972168,893.0399742126465
97,kalman,60,1e-07,1.0,0.1,4.0,10,True,1.5,0.013752592723048185,101375.25927230483,-0.008558531621807197,0.4522158603696598,55,501.338854282341,442.89258457489,578.8525704540099,104.314,21102.740032196045,979.3801326751709
98,kalman,60,1e-07,1.0,0.1,4.0,30,False,1.5,0.013563307042289141,101356.33070422892,-0.01589494370528266,0.3618975711222722,44,396.8229561770249,355.0595638744354,890.5138718655209,99.46799999999995,23276.530681610107,954.4801292419434
99,kalman,60,1e-07,1.0,0.1,4.0,30,True,1.5,5.8502800384108156e-05,100005.8502800384,-0.015425399691924357,0.006032483955456832,35,315.6716730249405,280.93731322746277,723.1675924280767,-99.342,22450.640657424927,979.3801326751709
100,kalman,60,1e-07,1.0,0.5,4.0,10,False,1.5,0.009864819250854806,100986.48192508548,-0.009620211896826714,0.29441344185134755,80,727.1807819933323,644.1773987834931,699.2608654662356,-108.03800000000003,21350.609952926636,1004.3601455688477
101,kalman,60,1e-07,1.0,0.5,4.0,10,True,1.5,0.010903260453719366,101090.32604537193,-0.0079825223160912,0.3912465766822164,56,508.46059901561733,449.38664431114194,495.82286341612286,103.95,20964.739477157593,821.7700347900391
102,kalman,60,1e-07,1.0,0.5,4.0,30,False,1.5,0.010477293713819114,101047.72937138191,-0.010525708078624851,0.30438615899174837,54,493.54210995677954,436.03444067764264,757.1301417348168,99.30900000000001,22070.909950256348,1004.3601455688477
103,kalman,60,1e-07,1.0,0.5,4.0,30,True,1.5,0.011335595541845933,101133.55955418458,-0.00754054007117011,0.3789591516906116,40,365.28938324357983,322.8251848804474,575.1270474454799,-102.82399999999997,21602.389694213867,821.7700347900391
104,kalman,60,1e-07,1.5,0.1,4.0,10,False,1.5,0.003772780707177903,100377.27807071779,-0.009175363370616085,0.13392098381779882,46,411.9627645051193,367.58031291885374,498.5459322111574,39.29799999999997,20742.990142822266,893.0399742126465
105,kalman,60,1e-07,1.5,0.1,4.0,10,True,1.5,0.003978061325962123,100397.80613259622,-0.00943252122737126,0.14989415701645864,37,332.70204916625994,295.7472271583557,415.65188328489506,41.432,21539.039882659912,979.3801326751709
106,kalman,60,1e-07,1.5,0.1,4.0,30,False,1.5,0.008324469167971138,100832.44691679711,-0.009435553781357964,0.24665180036511336,31,281.3861606710624,250.1836730354309,685.3231431731128,-109.673,22430.70065689087,954.4801292419434
107,kalman,60,1e-07,1.5,0.1,4.0,30,True,1.5,-0.0058820165900462795,99411.79834099537,-0.016884002864716585,-0.18033638945467229,24,216.8627176102829,191.9360810882569,574.879437881783,-105.29199999999996,22582.310661315918,979.3801326751709
108,kalman,60,1e-07,1.5,0.5,4.0,10,False,1.5,0.0037475971558844634,100374.75971558844,-0.010468506281004153,0.14002958732311782,46,412.43718627111434,368.31334871406557,463.0725867220736,39.57499999999996,20742.990142822266,893.0399742126465
109,kalman,60,1e-07,1.5,0.5,4.0,10,True,1.5,0.008052436294123666,100805.24362941238,-0.0102546711121565,0.318754994577267,37,333.72502681373606,296.64460501327517,384.0352547823763,40.88600000000001,21312.559448242188,821.7700347900391
110,kalman,60,1e-07,1.5,0.5,4.0,30,False,1.5,0.016095692580197385,101609.56925801974,-0.007056494966104276,0.5393639488347093,34,309.9486678619385,275.4068627204895,570.8904048487518,-111.062,21510.429695129395,893.0399742126465
111,kalman,60,1e-07,1.5,0.5,4.0,30,True,1.5,0.006870710542609126,100687.07105426092,-0.008547529343569171,0.2527379740465005,27,245.56358643547057,217.1700191619873,465.772561577052,-106.75600000000001,21556.40969467163,821.7700347900391
112,kalman,60,1e-07,2.0,0.1,4.0,10,False,1.5,0.00818332132873878,100818.33213287387,-0.007538659556364791,0.34047692430524973,28,253.68383618503572,224.7819518478394,312.69984227684745,-69.82199999999999,21579.140085220337,893.0399742126465
113,kalman,60,1e-07,2.0,0.1,4.0,10,True,1.5,0.004514164870641713,100451.41648706417,-0.007137365601022516,0.23607946369348573,18,162.16405238821034,144.26029220924377,210.85733613936546,0.0,21647.099979400635,632.5206260681152
114,kalman,60,1e-07,2.0,0.1,4.0,30,False,1.5,0.007361962827163282,100736.19628271634,-0.008673565174549425,0.25423494753835185,21,191.57150932132723,168.8464779800415,499.92725158874305,-271.68999999999994,22430.70065689087,954.4801292419434
115,kalman,60,1e-07,2.0,0.1,4.0,30,True,1.5,0.0033769229376152676,100337.69229376153,-0.008210176313144357,0.1508747220342317,14,126.55776928379059,112.38743781471253,354.21934494985277,-316.573,21995.81064414978,717.2606220245361
116,kalman,60,1e-07,2.0,0.5,4.0,10,False,1.5,0.012335856113617538,101233.58561136175,-0.006088824650948177,0.5487893995842487,28,254.55381456691737,225.5044518196106,282.436818693344,-69.29800000000006,21378.049697875977,893.0399742126465
117,kalman,60,1e-07,2.0,0.5,4.0,10,True,1.5,0.01057049255681819,101057.04925568182,-0.006149125147109191,0.605279488833299,18,163.17033996475217,145.1601040950775,190.09747501718186,0.0,21378.049697875977,643.0006313323975
118,kalman,60,1e-07,2.0,0.5,4.0,30,False,1.5,0.012931432882577809,101293.14328825778,-0.007608223436097905,0.516516349028448,22,202.2109287496185,177.5446080051422,393.145790511719,-272.83200000000005,21378.049697875977,893.0399742126465
119,kalman,60,1e-07,2.0,0.5,4.0,30,True,1.5,0.011845969461732553,101184.59694617326,-0.005782841274390993,0.5780875032129313,15,137.4625222380829,121.35555372276306,293.95723624294743,-319.67500000000007,21378.049697875977,727.7406272888184
120,kalman,60,1e-07,2.5,0.1,4.0,10,False,1.5,0.0013436075059587438,100134.36075059588,-0.008656395866246558,0.0886125480711483,13,117.55958245056154,104.55962177352903,150.9078816363191,0.0,22204.559978485107,636.7800922393817
121,kalman,60,1e-07,2.5,0.1,4.0,10,True,1.5,-0.00027724190765143764,99972.27580923485,-0.006063335399607017,-0.02443166037982262,7,63.447156233730325,56.06061638336182,82.21675002675514,0.0,21647.099979400635,516.5602188110352
122,kalman,60,1e-07,2.5,0.1,4.0,30,False,1.5,-0.0032716582431737695,99672.83417568263,-0.011477077661744217,-0.16278633659771904,10,89.75169716737747,80.23954366455077,291.71608589627,-114.218,22562.37066078186,698.5806198120117
123,kalman,60,1e-07,2.5,0.1,4.0,30,True,1.5,0.001593396598840835,100159.33965988409,-0.008210176313144357,0.10053739113900112,7,63.42980431686401,56.4099040271759,210.51362015988084,-114.40800000000002,21995.81064414978,554.5996627807617
124,kalman,60,1e-07,2.5,0.5,4.0,10,False,1.5,0.0024147112846035768,100241.47112846035,-0.008101436679280538,0.16337268879117403,13,117.66310802516938,104.58860790023803,133.77266571557035,0.0,21433.949953079224,632.7000923156756
125,kalman,60,1e-07,2.5,0.5,4.0,10,True,1.5,0.0009709730891522828,100097.09730891522,-0.004358754728325809,0.09727527550029702,7,63.51584273376464,56.1528004875183,75.41386124853892,0.0,20895.809953689575,516.5602188110352
126,kalman,60,1e-07,2.5,0.5,4.0,30,False,1.5,0.008862348902784367,100886.23489027844,-0.007367822947656477,0.5018003390480517,11,100.60278464906693,89.21839983367919,235.31036130445304,-115.61099999999999,21433.949953079224,704.9606266021729
127,kalman,60,1e-07,2.5,0.5,4.0,30,True,1.5,0.008646601247215724,100864.66012472157,-0.004698946723345254,0.6728760549920388,7,63.768501119709015,56.66273023300171,152.57779285153956,-115.421,20970.050212860107,568.4996604919434
128,kalman,60,1e-05,1.0,0.1,4.0,10,False,1.5,0.00941314637371593,100941.31463737159,-0.011344384410727715,0.27843083135146596,86,777.4361455872344,690.7601373069763,664.1800271522312,-201.995,21326.69989013672,589.8993968963641
129,kalman,60,1e-05,1.0,0.1,4.0,10,True,1.5,0.0038101540372901255,100381.015403729,-0.010285401612075362,0.14681128251118816,49,441.44831648128496,392.8345766017915,409.12511323756337,-90.45899999999999,21051.279327392578,532.5592193603516
130,kalman,60,1e-05,1.0,0.1,4.0,30,False,1.5,0.013725373099584326,101372.53730995844,-0.011533529311046897,0.3900696987248182,68,615.2161783171462,548.5835584636687,749.1544446703759,-208.60399999999998,22538.57928085327,766.9791641235352
131,kalman,60,1e-05,1.0,0.1,4.0,30,True,1.5,0.009206956928249133,100920.69569282491,-0.008600363747998663,0.32631559357591006,42,377.60272350976936,337.97196885490405,479.2256582522978,-206.22700000000003,21925.59930038452,740.6391868591309
132,kalman,60,1e-05,1.0,0.5,4.0,10,False,1.5,0.0008643556130838448,100086.43556130838,-0.010881629110506386,0.03126740349895455,97,874.0544617508888,776.1125770122519,573.6300645860656,-90.99900000000001,21365.60988998413,595.009395599367
133,kalman,60,1e-05,1.0,0.5,4.0,10,True,1.5,-0.00466401960087548,99533.59803991245,-0.01081657164095362,-0.19609693117870194,51,459.4734641601754,407.08213839874264,330.0623755034357,-90.03600000000002,20746.65989303589,480.39002227783203
134,kalman,60,1e-05,1.0,0.5,4.0,30,False,1.5,0.005218549774031356,100521.85497740313,-0.009111569863241353,0.16578061476169242,84,757.9072366056821,674.2338964637756,600.658282807442,-91.63699999999999,21736.40075302124,698.1600933074969
135,kalman,60,1e-05,1.0,0.5,4.0,30,True,1.5,-0.0034145100751008517,99658.54899248992,-0.011100770511291658,-0.13502631662260742,44,395.2214550929261,351.8470686050415,365.8416536730414,-90.204,21106.780731201172,671.5500926971454
136,kalman,60,1e-05,1.5,0.1,4.0,10,False,1.5,0.001022716369700305,100102.27163697004,-0.010757259413185727,0.04124431837454056,52,468.3036420759392,416.25023701782226,470.0631241035464,-201.39799999999997,20828.43014717102,606.3892002105713
137,kalman,60,1e-05,1.5,0.1,4.0,10,True,1.5,-0.00667940206658324,99332.05979334167,-0.00830109804316681,-0.2967511099708425,24,217.43510536619183,191.27006977310185,249.2439121342489,0.0,21051.279327392578,532.5592193603516
138,kalman,60,1e-05,1.5,0.1,4.0,30,False,1.5,0.010041753619789873,101004.17536197898,-0.007848998343919278,0.338634832427283,40,360.2834041839982,322.88982503662106,550.5314922354188,-206.60700000000003,21641.499309539795,749.0991973876953
139,kalman,60,1e-05,1.5,0.1,4.0,30,True,1.5,-0.000987927229566754,99901.20727704333,-0.006331628577172732,-0.03743898796037188,21,188.77267647628784,168.0298599742889,323.95073425083945,-113.83800000000001,21925.59930038452,740.6391868591309
140,kalman,60,1e-05,1.5,0.5,4.0,10,False,1.5,0.006106078636095802,100610.60786360958,-0.009681327155216302,0.2512121872738614,55,499.0788979142382,442.11420101699827,378.9092349995652,-91.479,20980.150148391724,543.6402206420898
141,kalman,60,1e-05,1.5,0.5,4.0,10,True,1.5,-0.00783469883029042,99216.53011697096,-0.008951852021045315,-0.38544878121214726,25,228.30025158876418,198.96647383766177,207.2732202399789,0.0,20746.65989303589,509.7902183532715
142,kalman,60,1e-05,1.5,0.5,4.0,30,False,1.5,0.007439401677700408,100743.94016777004,-0.009787047885286948,0.2865341076346145,49,442.7304584484673,394.65432721900936,418.98951599920593,-91.94600000000001,21148.480087280273,640.8600921630878
143,kalman,60,1e-05,1.5,0.5,4.0,30,True,1.5,-0.004947808169538437,99505.21918304615,-0.007644063754183028,-0.22633960016366797,22,199.26882948253632,175.42489000930786,250.93588667710193,0.0,21106.780731201172,610.1700916290301
144,kalman,60,1e-05,2.0,0.1,4.0,10,False,1.5,-0.0025013076986555305,99749.86923013444,-0.01378841060235314,-0.1170932898949402,28,255.47246942737578,224.46504511337278,276.26284684706394,0.0,21107.43932533264,530.1002197265625
145,kalman,60,1e-05,2.0,0.1,4.0,10,True,1.5,-6.691344898224205e-05,99993.30865510178,-0.008629737139629778,-0.00198650163329263,13,118.38311565675737,104.10302790641782,143.4427864028722,0.0,20655.22933959961,494.34021949768066
146,kalman,60,1e-05,2.0,0.1,4.0,30,False,1.5,0.0047868638860988355,100478.68638860987,-0.006585596102905655,0.19543167590385002,23,209.00095433160783,185.20990340042115,360.26019207361287,-114.28099999999999,21135.920072555542,692.5492172241211
147,kalman,60,1e-05,2.0,0.1,4.0,30,True,1.5,0.0006295323537830466,100062.95323537831,-0.0058419089249936995,0.032585850978791686,12,107.60109794055938,96.2931378059387,226.82153647409726,-113.83800000000001,21533.219312667847,679.8592014312744
148,kalman,60,1e-05,2.0,0.5,4.0,10,False,1.5,-0.001042335672378103,99895.76643276219,-0.011877200172282665,-0.05014734443017952,29,264.0445121604538,232.068423342514,233.48128275105728,0.0,20927.40008544922,545.5502185821533
149,kalman,60,1e-05,2.0,0.5,4.0,10,True,1.5,-0.00197569350586968,99802.43064941303,-0.008196686750135962,-0.12492003362274813,13,118.32009688539506,103.97114791336058,125.9975653219876,0.0,20516.98035812378,494.34021949768066
150,kalman,60,1e-05,2.0,0.5,4.0,30,False,1.5,0.005067086759555028,100506.70867595551,-0.006855104466746975,0.2300295936169972,26,237.94377895036703,209.13745137825015,277.54989359696265,0.0,21024.26008605957,589.7700920104999
151,kalman,60,1e-05,2.0,0.5,4.0,30,True,1.5,0.0003550932758593639,100035.50932758594,-0.005255685758886908,0.021632861983080773,13,118.43970456800461,104.17658983573914,172.56306628856922,0.0,20729.290718078613,505.139844894411
152,kalman,60,1e-05,2.5,0.1,4.0,10,False,1.5,-0.00773843345873626,99226.15665412637,-0.010178674814363409,-0.4777972515319948,16,143.2400905066299,127.66758920783995,171.02340228888104,0.0,20923.75072479248,532.010217666626
153,kalman,60,1e-05,2.5,0.1,4.0,10,True,1.5,-0.004520372390922733,99547.96276090773,-0.005624604387822751,-0.6232780666496147,4,35.34336817146301,31.978913941955565,48.0233447351325,0.0,20173.379442214966,436.36021995544434
154,kalman,60,1e-05,2.5,0.1,4.0,30,False,1.5,0.0024490148238089926,100244.9014823809,-0.00589322307181217,0.11510891683933115,16,144.01112961032865,128.7673052619934,274.11979469137316,-113.648,21735.099306106567,662.6991939544678
155,kalman,60,1e-05,2.5,0.1,4.0,30,True,1.5,-0.0015540312140357448,99844.59687859642,-0.0036207196938299324,-0.15522756849432554,4,35.43373368246079,32.15965608863831,91.27011915990751,-113.83800000000001,20655.06007003784,495.1494941711444
156,kalman,60,1e-05,2.5,0.5,4.0,10,False,1.5,-0.006851453811936414,99314.85461880636,-0.008194838758284306,-0.4441391068374954,16,143.3509966293716,127.53274929962157,150.29042859963198,0.0,20923.75072479248,532.010217666626
157,kalman,60,1e-05,2.5,0.5,4.0,10,True,1.5,-0.004520372390922733,99547.96276090773,-0.005624604387822751,-0.6232780666496147,4,35.34336817146301,31.978913941955565,48.0233447351325,0.0,20173.379442214966,436.36021995544434
158,kalman,60,1e-05,2.5,0.5,4.0,30,False,1.5,-0.002799071837371714,99720.09281626283,-0.00541929466342439,-0.15192599752235916,16,143.73237733716965,128.12575334892273,204.43811974721422,0.0,20927.40008544922,534.2998447418231
159,kalman,60,1e-05,2.5,0.5,4.0,30,True,1.5,-0.003821285648907269,99617.87143510928,-0.0049256632658541966,-0.4305431673102413,4,35.37171326070785,32.070929819869995,74.25420298380395,0.0,20484.51942062378,493.01984596252623
160,kalman,60,0.001,1.0,0.1,4.0,10,False,1.5,-0.0061564148998313195,99384.35851001687,-0.01103393379528872,-0.2033483137500775,173,1562.254323359984,1383.0686045917523,528.7596022991023,-86.76000000000002,21369.61989402771,738.9394493103027
161,kalman,60,0.001,1.0,0.1,4.0,10,True,1.5,0.0010832019185691433,100108.32019185692,-0.009127390520831336,0.07010270003386959,46,422.3429114450644,369.5527069770813,129.60630861736973,-67.406,20530.299690246582,476.34947776794434
162,kalman,60,0.001,1.0,0.1,4.0,30,False,1.5,-0.007011445167155128,99298.85548328448,-0.010568752556862404,-0.25159690660296646,135,1231.7604199399366,1077.3295992183682,419.9550682204259,-18.76600000000002,21369.61989402771,738.9394493103027
163,kalman,60,0.001,1.0,0.1,4.0,30,True,1.5,0.00665132028237303,100665.1320282373,-0.003549734233182833,0.4744511136916198,27,256.60839440021516,216.936232416153,73.12127852479072,0.0,20530.299690246582,476.34947776794434
164,kalman,60,0.001,1.0,0.5,4.0,10,False,1.5,-0.002293703617163967,99770.6296382836,-0.01259183112538198,-0.08376622323209067,196,1775.423267977085,1574.0839381755834,428.00141665696447,-250.036,20757.560028076172,479.57944107055664
165,kalman,60,0.001,1.0,0.5,4.0,10,True,1.5,0.004546678136379212,100454.66781363792,-0.008998818847367196,0.3278378804390126,46,423.586820167408,370.73998066482545,104.97855526864042,-67.46800000000002,20595.349689483643,352.59943771362305
166,kalman,60,0.001,1.0,0.5,4.0,30,False,1.5,-0.002481371800984622,99751.86281990154,-0.01095725931253444,-0.09964759867627757,146,1340.6891540005688,1171.966737000655,329.9549903759892,-182.108,20757.560028076172,479.57944107055664
167,kalman,60,0.001,1.0,0.5,4.0,30,True,1.5,0.00884244102586651,100884.24410258664,-0.003513612887825701,0.7121609202535704,27,257.2144474212838,217.50934802551274,57.45339331791499,0.0,20595.349689483643,352.59943771362305
168,kalman,60,0.001,1.5,0.1,4.0,10,False,1.5,0.000313996318312304,100031.39963183123,-0.011209246033097364,0.016688833058868296,92,836.9388976403617,740.0142626621251,290.99025469568335,44.147000000000034,21369.61989402771,738.9394493103027
169,kalman,60,0.001,1.5,0.1,4.0,10,True,1.5,0.00038820645228931916,100038.82064522893,-0.0023488209837551066,0.07322507708141174,11,100.60420119613646,88.00457441635133,29.77823983367502,0.0,20281.320236206055,275.84922981262207
170,kalman,60,0.001,1.5,0.1,4.0,30,False,1.5,0.0005780065621459052,100057.80065621459,-0.010358361607104127,0.028432851051438373,92,836.828621517849,739.7397185771945,285.95297431731547,44.147000000000034,21369.61989402771,738.9394493103027
171,kalman,60,0.001,1.5,0.1,4.0,30,True,1.5,0.00038820645228931916,100038.82064522893,-0.0023488209837551066,0.07322507708141174,11,100.60420119613646,88.00457441635133,29.77823983367502,0.0,20281.320236206055,275.84922981262207
172,kalman,60,0.001,1.5,0.5,4.0,10,False,1.5,0.005875260987513897,100587.52609875139,-0.009433824947876701,0.3007887933582039,99,904.4609507226372,800.0193941383358,222.04704051856473,-119.02400000000004,20796.609395980835,491.1394386291504
173,kalman,60,0.001,1.5,0.5,4.0,10,True,1.5,-0.0004887576514185366,99951.12423485814,-0.0023474812358456054,-0.1012926834970595,11,100.61653257642746,87.92087815742495,24.785995780735803,0.0,20281.320236206055,275.84922981262207
174,kalman,60,0.001,1.5,0.5,4.0,30,False,1.5,0.00648251429309088,100648.25142930908,-0.008229503468270338,0.33427747597122764,98,896.173250496483,792.0421639976498,217.05560013606453,-119.02400000000004,20796.609395980835,491.1394386291504
175,kalman,60,0.001,1.5,0.5,4.0,30,True,1.5,-0.0004887576514185366,99951.12423485814,-0.0023474812358456054,-0.1012926834970595,11,100.61653257642746,87.92087815742495,24.785995780735803,0.0,20281.320236206055,275.84922981262207
176,kalman,60,0.001,2.0,0.1,4.0,10,False,1.5,0.010985726342056079,101098.5726342056,-0.005961427498469618,0.6885883052214821,45,415.5262763512421,364.4589180034638,126.25157025883296,-119.02400000000004,20840.889394760132,491.1394386291504
177,kalman,60,0.001,2.0,0.1,4.0,10,True,1.5,-0.0010828676655053604,99891.71323344947,-0.0014919175733372203,-0.3974863134048471,4,35.08692110420227,31.965034197998044,10.80410140949406,0.0,20267.2699508667,254.35013389587402
178,kalman,60,0.001,2.0,0.1,4.0,30,False,1.5,0.010985726342056079,101098.5726342056,-0.005961427498469618,0.6885883052214821,45,415.5262763512421,364.4589180034638,126.25157025883296,-119.02400000000004,20840.889394760132,491.1394386291504
179,kalman,60,0.001,2.0,0.1,4.0,30,True,1.5,-0.0010828676655053604,99891.71323344947,-0.0014919175733372203,-0.3974863134048471,4,35.08692110420227,31.965034197998044,10.80410140949406,0.0,20267.2699508667,254.35013389587402
180,kalman,60,0.001,2.0,0.5,4.0,10,False,1.5,0.009878795149172559,100987.87951491727,-0.005990467500851415,0.6815058791658044,47,433.134916762066,380.4597600021364,108.48593536329922,-119.02400000000004,20840.889394760132,476.7194366455078
181,kalman,60,0.001,2.0,0.5,4.0,10,True,1.5,-0.0015596119048625345,99844.03880951375,-0.0015766516750187476,-0.574098543180947,4,35.08538989570617,31.954826141357422,7.449981407217784,0.0,20267.2699508667,242.28997230529785
182,kalman,60,0.001,2.0,0.5,4.0,30,False,1.5,0.009878795149172559,100987.87951491727,-0.005990467500851415,0.6815058791658044,47,433.134916762066,380.4597600021364,108.48593536329922,-119.02400000000004,20840.889394760132,476.7194366455078
183,kalman,60,0.001,2.0,0.5,4.0,30,True,1.5,-0.0015596119048625345,99844.03880951375,-0.0015766516750187476,-0.574098543180947,4,35.08538989570617,31.954826141357422,7.449981407217784,0.0,20267.2699508667,242.28997230529785
184,kalman,60,0.001,2.5,0.1,4.0,10,False,1.5,0.0030254201888855192,100302.54201888855,-0.0037259360384825913,0.2906257845838624,16,145.80136540601734,128.55961201400757,49.39733480714773,0.0,20644.139400482178,473.79944229125977
185,kalman,60,0.001,2.5,0.1,4.0,10,True,1.5,0.00017038192954776932,100017.03819295479,-0.00041994080633123154,0.14441462369902883,1,8.873740704479218,8.04208003540039,5.026107917890157,0.0,20267.2699508667,254.35013389587402
186,kalman,60,0.001,2.5,0.1,4.0,30,False,1.5,0.0030254201888855192,100302.54201888855,-0.0037259360384825913,0.2906257845838624,16,145.80136540601734,128.55961201400757,49.39733480714773,0.0,20644.139400482178,473.79944229125977
187,kalman,60,0.001,2.5,0.1,4.0,30,True,1.5,0.00017038192954776932,100017.03819295479,-0.00041994080633123154,0.14441462369902883,1,8.873740704479218,8.04208003540039,5.026107917890157,0.0,20267.2699508667,254.35013389587402
188,kalman,60,0.001,2.5,0.5,4.0,10,False,1.5,0.00164693944212857,100164.69394421286,-0.004808254008618951,0.1607609974351343,16,145.7497202061272,128.56659409065244,42.69969670580512,0.0,20644.139400482178,473.79944229125977
189,kalman,60,0.001,2.5,0.5,4.0,10,True,1.5,-0.0003063623098092938,99969.36376901907,-0.0005046595461680736,-0.26210005433276184,1,8.872209495983125,8.031871978759765,1.67198791561388,0.0,20267.2699508667,242.28997230529785
190,kalman,60,0.001,2.5,0.5,4.0,30,False,1.5,0.00164693944212857,100164.69394421286,-0.004808254008618951,0.1607609974351343,16,145.7497202061272,128.56659409065244,42.69969670580512,0.0,20644.139400482178,473.79944229125977
191,kalman,60,0.001,2.5,0.5,4.0,30,True,1.5,-0.0003063623098092938,99969.36376901907,-0.0005046595461680736,-0.26210005433276184,1,8.872209495983125,8.031871978759765,1.67198791561388,0.0,20267.2699508667,242.28997230529785
192,kalman,120,1e-07,1.0,0.1,4.0,10,False,1.5,0.008619825380231427,100861.98253802315,-0.01717630166274986,0.27023604149949304,60,542.1528794875719,481.0120339691161,651.9898743868263,72.008,21332.06969833374,893.0399742126465
193,kalman,120,1e-07,1.0,0.1,4.0,10,True,1.5,0.005046685506399973,100504.66855064,-0.011070106789478729,0.17919258844937205,44,396.3462140051078,351.0796933250425,493.4295906748317,63.057000000000016,21588.600090026855,979.3801326751709
194,kalman,120,1e-07,1.0,0.1,4.0,30,False,1.5,0.0209140965116541,102091.4096511654,-0.012450857444302743,0.6001977919497643,33,299.3828620846558,266.04021419792184,745.6582599941411,79.42299999999999,22879.5599899292,954.4801292419434
195,kalman,120,1e-07,1.0,0.1,4.0,30,True,1.5,0.008494186141317472,100849.41861413175,-0.009112618298000918,0.26553416259697044,25,224.4409953961182,199.25028995819088,612.4240507703284,70.62400000000002,21680.91999053955,979.3801326751709
196,kalman,120,1e-07,1.0,0.5,4.0,10,False,1.5,0.009848318604782635,100984.83186047825,-0.013303290981336646,0.31880726541824755,61,549.6465469514086,488.228683485794,607.6002406732741,3.9280000000000115,21286.089698791504,893.0399742126465
197,kalman,120,1e-07,1.0,0.5,4.0,10,True,1.5,0.001649790223452463,100164.97902234524,-0.011657239171396383,0.06310139090693999,44,394.94865873657227,349.9779610153198,445.229052788042,1.024000000000001,21173.91970062256,979.3801326751709
198,kalman,120,1e-07,1.0,0.5,4.0,30,False,1.5,0.019271494897156405,101927.14948971564,-0.010413772508551356,0.587027683471909,37,333.04345965513227,298.06952738189705,658.7716225820577,0.6940000000000452,21244.499879837036,954.4801292419434
199,kalman,120,1e-07,1.0,0.5,4.0,30,True,1.5,0.006010757893824437,100601.07578938243,-0.01223520045100146,0.20283540098098635,28,249.34483441005705,223.07713569221497,528.4704499115094,-1.3139999999999787,21356.11987876892,979.3801326751709
200,kalman,120,1e-07,1.5,0.1,4.0,10,False,1.5,0.018957154876601212,101895.71548766013,-0.005681230298076212,0.7339277731814221,35,320.73194992071166,281.6213044620516,408.88232846800923,216.81199999999995,21669.980085372925,893.0399742126465
201,kalman,120,1e-07,1.5,0.1,4.0,10,True,1.5,0.008078477366962655,100807.84773669626,-0.006153778548881439,0.3424176173837637,27,248.00303134567264,216.6626037593841,326.9332094517015,43.70900000000006,21014.01999092102,979.3801326751709
202,kalman,120,1e-07,1.5,0.1,4.0,30,False,1.5,0.020388873235970717,102038.88732359707,-0.005746041518708167,0.6606969993601076,21,192.40941774982454,169.28431754074094,550.9638923758938,78.61599999999991,22165.65999031067,954.4801292419434
203,kalman,120,1e-07,1.5,0.1,4.0,30,True,1.5,0.009911652069035437,100991.16520690353,-0.007662490077242845,0.36409415698486847,15,138.99773456491465,120.56111156959533,418.7347599654522,-40.62099999999995,21842.499990463257,979.3801326751709
204,kalman,120,1e-07,1.5,0.5,4.0,10,False,1.5,0.02003873606708151,102003.87360670815,-0.005682513616104501,0.7900160895847124,35,320.9660153061868,281.9248120697023,387.21562985025685,217.01999999999998,21669.980085372925,893.0399742126465
205,kalman,120,1e-07,1.5,0.5,4.0,10,True,1.5,0.009512825779984357,100951.28257799843,-0.005068497133503325,0.4136884679726889,27,247.77691527940758,216.559053597641,293.5640920862694,43.432000000000016,21014.01999092102,979.3801326751709
206,kalman,120,1e-07,1.5,0.5,4.0,30,False,1.5,0.016252847080093558,101625.28470800936,-0.005458214225714353,0.5841151467320602,22,200.3967755829048,176.70873161048888,453.0075926737851,214.01700000000005,21741.219877243042,954.4801292419434
207,kalman,120,1e-07,1.5,0.5,4.0,30,True,1.5,0.006556532227614875,100655.65322276148,-0.006288337182673742,0.2700080742497338,16,147.56833457927706,128.27653333358765,340.65185985664453,99.17800000000007,21816.079990386963,979.3801326751709
208,kalman,120,1e-07,2.0,0.1,4.0,10,False,1.5,0.00422797223906346,100422.79722390635,-0.005672485309423547,0.2210760985165569,19,171.07652296190267,151.7665297756195,231.59930543314275,41.69100000000003,21492.85987854004,893.0399742126465
209,kalman,120,1e-07,2.0,0.1,4.0,10,True,1.5,-0.002414855158296092,99758.51448417039,-0.00994697896930663,-0.13234624651917215,12,108.74673004547118,95.00231945648191,141.4755486640408,0.0,20747.77988243103,979.3801326751709
210,kalman,120,1e-07,2.0,0.1,4.0,30,False,1.5,0.009078858482370444,100907.88584823704,-0.006238866526805609,0.3868336119728413,11,101.36762535429001,88.63799972152711,329.3518717187856,108.88500000000006,21650.05987739563,954.4801292419434
211,kalman,120,1e-07,2.0,0.1,4.0,30,True,1.5,0.0027987163630667222,100279.87163630668,-0.010332259072878491,0.1367514673475664,7,65.37715051334382,55.9713219165802,218.87119794971008,0.0,21701.499990463257,979.3801326751709
212,kalman,120,1e-07,2.0,0.5,4.0,10,False,1.5,0.006432483200556227,100643.24832005562,-0.005669912873295879,0.3401586738881998,19,171.14503907617578,151.83942380218502,214.27761785339996,41.69100000000003,21492.85987854004,893.0399742126465
213,kalman,120,1e-07,2.0,0.5,4.0,10,True,1.5,-0.003603632281147129,99639.63677188529,-0.00994697896930663,-0.20004367248269392,12,108.7488300334549,95.05424540328978,140.66869988862132,0.0,20747.77988243103,979.3801326751709
214,kalman,120,1e-07,2.0,0.5,4.0,30,False,1.5,0.007927139251742155,100792.7139251742,-0.006416455206536331,0.3587471187198242,11,101.27840626815798,88.66571566658021,290.6824971873139,41.50100000000005,21650.05987739563,954.4801292419434
215,kalman,120,1e-07,2.0,0.5,4.0,30,True,1.5,0.0015158710371403483,100151.58710371403,-0.010328172536656188,0.07773947356966379,7,65.36676189987182,56.127165713882455,208.55039071498516,0.0,21654.499990463257,979.3801326751709
216,kalman,120,1e-07,2.5,0.1,4.0,10,False,1.5,-0.0025187039301031167,99748.12960698969,-0.012033502252465356,-0.18356609774163526,8,72.47315756183625,63.513083749389644,94.30286050038798,0.0,21286.089698791504,893.0399742126465
217,kalman,120,1e-07,2.5,0.1,4.0,10,True,1.5,0.004468377398689993,100446.837739869,-0.0030452112942345178,0.5721484943149133,4,36.09184209180832,32.17861201705933,47.97117461343006,0.0,21265.87969970703,632.5206260681152
218,kalman,120,1e-07,2.5,0.1,4.0,30,False,1.5,0.004834984517550822,100483.49845175509,-0.006809179861300807,0.2808724027705187,5,47.00699529754639,40.081155807113646,156.65419799768105,0.0,21910.079990386963,954.4801292419434
219,kalman,120,1e-07,2.5,0.1,4.0,30,True,1.5,0.004488139410316894,100448.8139410317,-0.004830847770102231,0.3768942334370746,4,36.036264612751005,31.957666072082517,112.50261793805471,0.0,21680.91999053955,829.2003936767578
220,kalman,120,1e-07,2.5,0.5,4.0,10,False,1.5,-0.0025187039301031167,99748.12960698969,-0.012033502252465356,-0.18356609774163526,8,72.47315756183625,63.513083749389644,94.30286050038798,0.0,21286.089698791504,893.0399742126465
221,kalman,120,1e-07,2.5,0.5,4.0,10,True,1.5,0.004468377398689993,100446.837739869,-0.0030452112942345178,0.5721484943149133,4,36.09184209180832,32.17861201705933,47.97117461343006,0.0,21265.87969970703,632.5206260681152
222,kalman,120,1e-07,2.5,0.5,4.0,30,False,1.5,0.005222739723944381,100522.27397239444,-0.006171381903519069,0.3136627961091942,5,47.01621610168457,40.19696378288269,153.43404561212617,0.0,21910.079990386963,954.4801292419434
223,kalman,120,1e-07,2.5,0.5,4.0,30,True,1.5,0.0028148625337307553,100281.48625337308,-0.004830847770102231,0.2433247791852261,4,36.037766095047,32.01253189430237,105.54364692557346,0.0,21680.91999053955,829.2003936767578
224,kalman,120,1e-05,1.0,0.1,4.0,10,False,1.5,0.008637967582029393,100863.79675820294,-0.012878135136150548,0.28712980994478704,78,705.6250420157053,627.1126147769929,621.5860803810539,45.05999999999996,21230.76932144165,610.3393917083758
225,kalman,120,1e-05,1.0,0.1,4.0,10,True,1.5,0.00815975815257608,100815.97581525761,-0.009199645464405548,0.31943245247742263,42,380.3215044462013,338.0204018112182,396.1336358155032,-67.83600000000004,20948.470085144043,578.2293891906756
226,kalman,120,1e-05,1.0,0.1,4.0,30,False,1.5,0.012440349033563392,101244.03490335634,-0.013869502059823291,0.3904950050966791,60,547.8288285902785,485.5312150642392,695.2834170335218,40.180999999999955,21344.700073242188,725.249677658081
227,kalman,120,1e-05,1.0,0.1,4.0,30,True,1.5,0.006921770233989211,100692.17702339892,-0.011866794765590938,0.2608638459983965,35,317.94666886289593,281.4568900569915,463.0876591211605,-72.13900000000004,20948.470085144043,667.4700927734393
228,kalman,120,1e-05,1.0,0.5,4.0,10,False,1.5,0.008709267436940893,100870.92674369409,-0.012142678242208715,0.29855242712394786,88,798.2635983832547,707.9839315795895,542.2787120609026,-67.44800000000002,21024.26008605957,610.3393917083758
229,kalman,120,1e-05,1.0,0.5,4.0,10,True,1.5,0.0037862650535864795,100378.62650535865,-0.007783376502007999,0.1614353952527258,43,390.31114038141266,344.3817863403321,319.37462709327576,-67.73299999999999,20948.470085144043,578.2293891906756
230,kalman,120,1e-05,1.0,0.5,4.0,30,False,1.5,0.013781281483468133,101378.1281483468,-0.011997097832646242,0.4562057429625076,75,683.2446077972598,606.0646378787993,580.3940293323559,-69.49900000000001,21276.680072784424,685.9200935363788
231,kalman,120,1e-05,1.0,0.5,4.0,30,True,1.5,0.0013135446770855541,100131.35446770856,-0.011563558725093293,0.05679141107176576,38,345.20539279056544,303.832434339905,350.16137666984434,-66.79400000000001,20878.970085144043,671.5500926971454
232,kalman,120,1e-05,1.5,0.1,4.0,10,False,1.5,0.00397920505200422,100397.92050520043,-0.013078958478797809,0.16025783491120366,41,375.53009800909047,330.1339452781677,390.5850000354296,157.36200000000002,21189.659322738647,591.7293910980243
233,kalman,120,1e-05,1.5,0.1,4.0,10,True,1.5,0.0006003193085108993,100060.03193085108,-0.010639080390522526,0.04102407033914582,16,146.10504916582104,128.50051392478943,166.07060351630437,0.0,20662.889812469482,494.34021949768066
234,kalman,120,1e-05,1.5,0.1,4.0,30,False,1.5,0.011082812762217564,101108.28127622175,-0.009720939496115855,0.4076713609879369,35,323.43782742984774,283.4078137805939,477.7795027796077,43.47999999999995,21276.680072784424,651.1500930786151
235,kalman,120,1e-05,1.5,0.1,4.0,30,True,1.5,0.004287488851486332,100428.74888514864,-0.007786191364090422,0.24437651148957315,15,136.84363868331909,120.64134201583865,235.6069428987373,-114.02799999999999,20884.940071105957,519.5694885253924
236,kalman,120,1e-05,1.5,0.5,4.0,10,False,1.5,0.006981907593901049,100698.1907593901,-0.011189640654069577,0.29170103696638794,45,413.80057059337605,362.45255827064506,345.17731693079713,44.372999999999976,21072.690086364746,596.8393898010272
237,kalman,120,1e-05,1.5,0.5,4.0,10,True,1.5,-0.0032603434409770315,99673.9656559023,-0.012629993939489936,-0.2147945628169666,17,154.26621466846467,135.79415172271726,146.19326176416055,0.0,20482.6007232666,494.34021949768066
238,kalman,120,1e-05,1.5,0.5,4.0,30,False,1.5,0.010542987029416029,101054.2987029416,-0.010329167417891583,0.41694072368280577,40,369.76172892526637,323.2051885742187,385.9541928829038,43.90099999999997,21276.680072784424,651.1500930786151
239,kalman,120,1e-05,1.5,0.5,4.0,30,True,1.5,0.002117338548459635,100211.73385484597,-0.007300887178308124,0.13216594382983432,16,145.30106678012845,128.28167603950502,177.42188004135764,0.0,20816.920070648193,514.0200901031512
240,kalman,120,1e-05,2.0,0.1,4.0,10,False,1.5,-0.001282043378481812,99871.79566215182,-0.01060667229780421,-0.07700807152563385,19,173.5231652750588,152.76608392257688,182.51381301576785,0.0,21148.549324035645,538.7802181243896
241,kalman,120,1e-05,2.0,0.1,4.0,10,True,1.5,0.0018981203104968536,100189.81203104967,-0.0034000789494870176,0.17488042732187212,8,75.08813402584076,64.29461418914795,73.33599771285382,0.0,20554.28934288025,440.7599792480469
242,kalman,120,1e-05,2.0,0.1,4.0,30,False,1.5,0.005360167400247695,100536.01674002476,-0.007204208229071973,0.2937489371283043,17,155.78873676691057,137.20947585105898,257.30258609923266,-115.421,21148.549324035645,571.3200912475604
243,kalman,120,1e-05,2.0,0.1,4.0,30,True,1.5,0.005734178876415141,100573.41788764152,-0.0034831005080541155,0.48447076466879146,7,65.71860841106414,56.465912009429935,101.30628239822386,-114.092,20723.080070495605,511.6594924926776
244,kalman,120,1e-05,2.0,0.5,4.0,10,False,1.5,0.0005549354801932527,100055.49354801932,-0.009311986435340813,0.03755062848028962,19,173.52947138772967,152.2862757938385,152.07091758289064,0.0,20980.150148391724,538.7802181243896
245,kalman,120,1e-05,2.0,0.5,4.0,10,True,1.5,0.0027078148576067385,100270.78148576067,-0.0034015795878562516,0.2723333387933602,8,75.02170443357468,64.19506216583252,61.65315678907419,0.0,20518.31941986084,440.7599792480469
246,kalman,120,1e-05,2.0,0.5,4.0,30,False,1.5,0.0060264746621256915,100602.64746621257,-0.00475346463698012,0.3643762592036378,17,155.81248618263248,136.8852137363434,177.66499431453346,0.0,20980.150148391724,575.4000911712665
247,kalman,120,1e-05,2.0,0.5,4.0,30,True,1.5,0.005072629365172832,100507.26293651728,-0.0034856928955143696,0.47912815745238785,7,65.67552781997681,56.33344204864502,72.03918217614579,0.0,20723.080070495605,511.6594924926776
248,kalman,120,1e-05,2.5,0.1,4.0,10,False,1.5,-0.004476551095646042,99552.3448904354,-0.005650426795010377,-0.5548626215503933,6,51.86292620271682,47.69657184944153,60.316545426616926,0.0,20204.309900283813,532.010217666626
249,kalman,120,1e-05,2.5,0.1,4.0,10,True,1.5,0.0005331066009635066,100053.31066009635,-0.0008033534143673249,0.18214544195685345,1,8.763030099773406,7.890773983001709,11.505605706149584,0.0,20005.83020210266,270.6101322174072
250,kalman,120,1e-05,2.5,0.1,4.0,30,False,1.5,-0.0025064331595155975,99749.35668404844,-0.005140950120576915,-0.2419920291118972,6,51.87047237911224,47.72645372428894,103.79437588636843,-113.142,20407.209829330444,532.010217666626
251,kalman,120,1e-05,2.5,0.1,4.0,30,True,1.5,0.0006396722354116147,100063.96722354116,-0.0013768741278579189,0.17650050351804045,1,8.769762696628572,7.976583940124511,20.5465044375903,0.0,20049.650331497192,282.7395362854022
252,kalman,120,1e-05,2.5,0.5,4.0,10,False,1.5,-0.003192607290493421,99680.73927095065,-0.0042893508400317915,-0.4322813191801634,6,51.86225958110809,47.66530786705017,43.832566889880454,0.0,20202.439949035645,532.010217666626
253,kalman,120,1e-05,2.5,0.5,4.0,10,True,1.5,0.00012164224341315588,100012.16422434132,-0.0008867478188241407,0.04121557729753944,1,8.767564298725128,7.959773904800415,9.85882846163397,0.0,20005.83020210266,270.6101322174072
254,kalman,120,1e-05,2.5,0.5,4.0,30,False,1.5,-0.001130387057369564,99886.96129426305,-0.002949042165396487,-0.14027397732163963,6,51.95786557815551,47.83090380973816,49.769431359382516,0.0,20252.25994873047,532.010217666626
255,kalman,120,1e-05,2.5,0.5,4.0,30,True,1.5,0.00012164224341315588,100012.16422434132,-0.0008867478188241407,0.04121557729753944,1,8.767564298725128,7.959773904800415,9.85882846163397,0.0,20005.83020210266,270.6101322174072
256,kalman,120,0.001,1.0,0.1,4.0,10,False,1.5,0.012104489204141089,101210.44892041411,-0.010765293901995876,0.4260373046122803,169,1544.5661149571627,1372.7366146106713,508.9731073881179,-87.86600000000003,21027.459838867188,482.4994354248047
257,kalman,120,0.001,1.0,0.1,4.0,10,True,1.5,0.009316632396875635,100931.66323968756,-0.005008159176360438,0.6375261028077522,40,365.97454605609886,322.3685808250427,105.9632481469455,-67.53,20655.72989654541,352.59943771362305
258,kalman,120,0.001,1.0,0.1,4.0,30,False,1.5,0.013891374211550067,101389.13742115501,-0.011022199850546865,0.5342409617645016,133,1232.012239680958,1081.4693534828189,413.64496877461306,-19.614000000000004,21004.630027770996,482.4994354248047
259,kalman,120,0.001,1.0,0.1,4.0,30,True,1.5,0.010710218830729756,101071.02188307297,-0.0027171480276039217,0.8964197505018617,24,226.6855918272782,193.23222047538758,54.07974622904111,0.0,20540.739854812622,352.59943771362305
260,kalman,120,0.001,1.0,0.5,4.0,10,False,1.5,0.008360148099122,100836.0148099122,-0.012134644267901451,0.3319300880163102,188,1713.8898752060695,1525.8503758716577,411.6129853816098,-252.43300000000005,21004.630027770996,482.4994354248047
261,kalman,120,0.001,1.0,0.5,4.0,10,True,1.5,0.01166111555705629,101166.11155570562,-0.003717359128028841,0.8648705996563658,40,366.6753168448448,323.00157867698664,89.39315349369834,-68.048,20707.299896240234,352.59943771362305
262,kalman,120,0.001,1.0,0.5,4.0,30,False,1.5,0.013707055541932744,101370.70555419328,-0.009677033793973555,0.5919883763159981,146,1350.9426660201261,1187.4172431587212,331.7337514412239,-184.05300000000003,21004.630027770996,482.4994354248047
263,kalman,120,0.001,1.0,0.5,4.0,30,True,1.5,0.010938778557286533,101093.87785572864,-0.0028869338583816795,0.960423048063731,24,226.86470491682059,193.35043217277521,47.40726467388623,0.0,20540.739854812622,352.59943771362305
264,kalman,120,0.001,1.5,0.1,4.0,10,False,1.5,0.015957799252548366,101595.77992525484,-0.008594673231991035,0.8020612859912728,87,795.4355706697652,707.9471436050416,247.17298629436755,44.008999999999986,20993.35939025879,476.7194366455078
265,kalman,120,0.001,1.5,0.1,4.0,10,True,1.5,4.62334555706434e-05,100004.62334555706,-0.0023496236800287784,0.009266939034386378,10,89.66062697795867,79.96804820327759,27.30549345235955,0.0,20281.320236206055,275.84922981262207
266,kalman,120,0.001,1.5,0.1,4.0,30,False,1.5,0.015957799252548366,101595.77992525484,-0.008594673231991035,0.8020612859912728,87,795.4355706697652,707.9471436050416,247.17298629436755,44.008999999999986,20993.35939025879,476.7194366455078
267,kalman,120,0.001,1.5,0.1,4.0,30,True,1.5,4.62334555706434e-05,100004.62334555706,-0.0023496236800287784,0.009266939034386378,10,89.66062697795867,79.96804820327759,27.30549345235955,0.0,20281.320236206055,275.84922981262207
268,kalman,120,0.001,1.5,0.5,4.0,10,False,1.5,0.010848286926715689,101084.82869267157,-0.007325283752304235,0.5985009628292544,91,828.3562936415676,738.0216591217043,206.77751719336297,-119.96300000000004,20885.16939353943,476.7194366455078
269,kalman,120,0.001,1.5,0.5,4.0,10,True,1.5,-0.0008325224896713612,99916.74775103286,-0.0023482872190674353,-0.1717016621330311,10,89.7048690583229,79.90985194511416,22.31502392013759,0.0,20281.320236206055,275.84922981262207
270,kalman,120,0.001,1.5,0.5,4.0,30,False,1.5,0.010848286926715689,101084.82869267157,-0.007325283752304235,0.5985009628292544,91,828.3562936415676,738.0216591217043,206.77751719336297,-119.96300000000004,20885.16939353943,476.7194366455078
271,kalman,120,0.001,1.5,0.5,4.0,30,True,1.5,-0.0008325224896713612,99916.74775103286,-0.0023482872190674353,-0.1717016621330311,10,89.7048690583229,79.90985194511416,22.31502392013759,0.0,20281.320236206055,275.84922981262207
272,kalman,120,0.001,2.0,0.1,4.0,10,False,1.5,0.005502735368425382,100550.27353684253,-0.005470864717961099,0.3883993741232747,40,359.8810419065092,322.12110960159305,112.99273764430004,-118.64400000000002,20752.329397201538,479.57944107055664
273,kalman,120,0.001,2.0,0.1,4.0,10,True,1.5,0.0006584736283206105,100065.84736283206,-0.0010698645525681894,0.22013001902511245,3,25.608851306667326,23.95960810089111,9.964117793357534,0.0,20267.2699508667,254.35013389587402
274,kalman,120,0.001,2.0,0.1,4.0,30,False,1.5,0.005502735368425382,100550.27353684253,-0.005470864717961099,0.3883993741232747,40,359.8810419065092,322.12110960159305,112.99273764430004,-118.64400000000002,20752.329397201538,479.57944107055664
275,kalman,120,0.001,2.0,0.1,4.0,30,True,1.5,0.0006584736283206105,100065.84736283206,-0.0010698645525681894,0.22013001902511245,3,25.608851306667326,23.95960810089111,9.964117793357534,0.0,20267.2699508667,254.35013389587402
276,kalman,120,0.001,2.0,0.5,4.0,10,False,1.5,0.0016368169637976937,100163.68169637978,-0.008139032388659984,0.12796657541546264,42,377.7056869006727,337.72339944457997,97.70803923546775,-118.64400000000002,20644.139400482178,485.3594398498535
277,kalman,120,0.001,2.0,0.5,4.0,10,True,1.5,-0.000789784703410068,99921.02152965899,-0.0010698645525681894,-0.34072616381489695,3,25.605165487995144,23.94026792984009,5.792587399260639,0.0,20267.2699508667,242.28997230529785
278,kalman,120,0.001,2.0,0.5,4.0,30,False,1.5,0.0016368169637976937,100163.68169637978,-0.008139032388659984,0.12796657541546264,42,377.7056869006727,337.72339944457997,97.70803923546775,-118.64400000000002,20644.139400482178,485.3594398498535
279,kalman,120,0.001,2.0,0.5,4.0,30,True,1.5,-0.000789784703410068,99921.02152965899,-0.0010698645525681894,-0.34072616381489695,3,25.605165487995144,23.94026792984009,5.792587399260639,0.0,20267.2699508667,242.28997230529785
280,kalman,120,0.001,2.5,0.1,4.0,10,False,1.5,0.00126264967343781,100126.26496734377,-0.005237998680795775,0.13377857665644194,13,117.79431810241698,104.51216007347105,45.16834825782254,0.0,20502.710372924805,473.79944229125977
281,kalman,120,0.001,2.5,0.1,4.0,10,True,1.5,-0.000705787851306372,99929.42121486936,-0.0010977965428524694,-0.3552408403974542,2,17.229547905101775,16.000272038269046,5.849113960475138,0.0,20267.2699508667,254.35013389587402
282,kalman,120,0.001,2.5,0.1,4.0,30,False,1.5,0.00126264967343781,100126.26496734377,-0.005237998680795775,0.13377857665644194,13,117.79431810241698,104.51216007347105,45.16834825782254,0.0,20502.710372924805,473.79944229125977
283,kalman,120,0.001,2.5,0.1,4.0,30,True,1.5,-0.000705787851306372,99929.42121486936,-0.0010977965428524694,-0.3552408403974542,2,17.229547905101775,16.000272038269046,5.849113960475138,0.0,20267.2699508667,254.35013389587402
284,kalman,120,0.001,2.5,0.5,4.0,10,False,1.5,0.0016644104833369866,100166.4410483337,-0.004790895560926711,0.17866776488873395,13,117.83259999851226,104.48306186676022,35.933856817637405,0.0,20502.710372924805,473.79944229125977
285,kalman,120,0.001,2.5,0.5,4.0,10,True,1.5,-0.0011825320906635461,99881.74679093364,-0.0011825320906635461,-0.5979999771919265,2,17.22801669660568,15.990063981628419,2.4949939581988607,0.0,20267.2699508667,242.28997230529785
286,kalman,120,0.001,2.5,0.5,4.0,30,False,1.5,0.0016644104833369866,100166.4410483337,-0.004790895560926711,0.17866776488873395,13,117.83259999851226,104.48306186676022,35.933856817637405,0.0,20502.710372924805,473.79944229125977
287,kalman,120,0.001,2.5,0.5,4.0,30,True,1.5,-0.0011825320906635461,99881.74679093364,-0.0011825320906635461,-0.5979999771919265,2,17.22801669660568,15.990063981628419,2.4949939581988607,0.0,20267.2699508667,242.28997230529785
288,rolling_ols,20,1e-05,1.0,0.1,4.0,10,False,1.5,-0.017074917893779684,98292.50821062204,-0.028738306140400516,-0.4176519128070196,107,952.0427733692932,851.5670203922272,798.0279873615953,-122.31000000000002,21037.3902053833,19492.90032196045
289,rolling_ols,20,1e-05,1.0,0.1,4.0,10,True,1.5,-0.027548529358750518,97245.14706412495,-0.034802769484348905,-0.8741157195710589,69,607.9774066450883,544.5919117393491,495.5595932901983,25.72500000000001,21240.17985534668,15652.520606994629
290,rolling_ols,20,1e-05,1.0,0.1,4.0,30,False,1.5,-0.022953695972211086,97704.63040277889,-0.03240266514115231,-0.5446062958961161,91,800.3889277280806,716.7562999374389,805.6028877439104,-119.637,20942.78981781006,19233.970317840576
291,rolling_ols,20,1e-05,1.0,0.1,4.0,30,True,1.5,-0.02754263613262864,97245.73638673713,-0.0332264555627555,-0.8224124956866332,61,539.0433440065766,481.3597334686281,517.0062977506038,25.546000000000006,21587.3097076416,15701.200313568115
292,rolling_ols,20,1e-05,1.0,0.5,4.0,10,False,1.5,-0.013396649071810152,98660.33509281899,-0.02421053154514352,-0.35935298641634444,119,1061.6025550967406,948.5360599105829,711.0335219711403,-108.53300000000002,21027.820011138916,19579.21032333374
293,rolling_ols,20,1e-05,1.0,0.5,4.0,10,True,1.5,-0.030007224633334384,96999.27753666656,-0.03804654774969429,-1.0663458557347703,74,654.5414749372668,585.0945412090302,426.0615531899439,39.352000000000004,21158.34037399292,15733.640609741211
294,rolling_ols,20,1e-05,1.0,0.5,4.0,30,False,1.5,-0.011740976237261336,98825.90237627387,-0.023749613701502192,-0.3077173378820306,110,980.112369282818,876.2685232307435,692.0864320183323,-107.63300000000007,21027.820011138916,19521.670322418213
295,rolling_ols,20,1e-05,1.0,0.5,4.0,30,True,1.5,-0.027399028665494263,97260.09713345057,-0.034925154463639196,-0.9404855731983055,68,603.3088226451682,538.2308892143247,404.9067609522048,39.480000000000004,21158.34037399292,15809.600315093994
296,rolling_ols,20,1e-05,1.5,0.1,4.0,10,False,1.5,-0.017935002502797892,98206.49974972021,-0.029805522211969082,-0.5024929354845569,77,680.5558977512936,610.589138891983,614.8258399335255,-1.6850000000000023,20908.82961845398,19406.59032058716
297,rolling_ols,20,1e-05,1.5,0.1,4.0,10,True,1.5,-0.023300313420267393,97669.96865797327,-0.025577783738088167,-0.8700724091754913,43,381.0744975998498,339.6229652137756,338.07746698160037,-122.93700000000001,21151.03985595703,15598.440605163574
298,rolling_ols,20,1e-05,1.5,0.1,4.0,30,False,1.5,-0.02030886340980198,97969.1136590198,-0.029614600972554195,-0.5336374872253185,74,652.2268916572763,584.6470633796689,684.1249726743838,-0.68100000000004,20942.78981781006,19291.510318756104
299,rolling_ols,20,1e-05,1.5,0.1,4.0,30,True,1.5,-0.02920944835507644,97079.05516449235,-0.031077539769561402,-1.0041300233233859,42,371.1340669878769,330.661507302475,393.75060730189495,-122.328,21496.529708862305,15642.290311813354
300,rolling_ols,20,1e-05,1.5,0.5,4.0,10,False,1.5,-0.011495030972366704,98850.49690276333,-0.02470587813165781,-0.34511452524421704,85,758.5663752128602,677.9259406044005,540.0739500900164,31.75199999999998,21133.910011291504,19550.440322875977
301,rolling_ols,20,1e-05,1.5,0.5,4.0,10,True,1.5,-0.021066373571920316,97893.36264280797,-0.024443272288804607,-0.846354567906578,43,382.3796408720017,340.7280186763762,276.4481158718477,-109.71300000000002,21069.600372314453,15706.600608825684
302,rolling_ols,20,1e-05,1.5,0.5,4.0,30,False,1.5,-0.009928138693517718,99007.18613064823,-0.02273223540728153,-0.28744240218343653,85,758.5627409303281,677.9752726398465,561.7070117721038,32.39899999999997,21070.980010986328,19521.670322418213
303,rolling_ols,20,1e-05,1.5,0.5,4.0,30,True,1.5,-0.021084253016173005,97891.5746983827,-0.02391999245613019,-0.8076978820324936,43,382.3492634786415,340.72079266700734,289.2441532017958,-109.71300000000002,21069.600372314453,15782.500314712524
304,rolling_ols,20,1e-05,2.0,0.1,4.0,10,False,1.5,-0.011857910972806418,98814.20890271936,-0.017177921900004556,-0.3634679816663798,57,507.87973741514185,452.3539449691771,487.66191181402365,49.33499999999998,20984.660011291504,20133.120712280273
305,rolling_ols,20,1e-05,2.0,0.1,4.0,10,True,1.5,-0.014152093440702784,98584.79065592973,-0.014444309609601969,-0.7355616810619587,18,159.65193404409405,142.75057273902894,155.54608174817852,0.0,20841.63020324707,15376.200622558594
306,rolling_ols,20,1e-05,2.0,0.1,4.0,30,False,1.5,-0.019985896147460713,98001.41038525393,-0.0243852259670293,-0.5746438621576073,56,496.1691912403485,441.96655975723274,556.347100839693,49.27600000000001,20921.730010986328,20028.960708618164
307,rolling_ols,20,1e-05,2.0,0.1,4.0,30,True,1.5,-0.021636707432312496,97836.32925676875,-0.021930912953873616,-1.0257288180825872,18,159.00610234233858,142.4163306026459,187.41811962780886,0.0,20832.8999042511,15324.120620727539
308,rolling_ols,20,1e-05,2.0,0.5,4.0,10,False,1.5,-0.007072574209343041,99292.7425790657,-0.017457067686258654,-0.2357428166539825,61,549.6900844243431,486.80380642127994,407.11337989645136,83.08699999999999,21027.820011138916,20159.1607131958
309,rolling_ols,20,1e-05,2.0,0.5,4.0,10,True,1.5,-0.01243541091091005,98756.458908909,-0.012596322952599714,-0.6828356321408771,18,159.93104863161088,142.84441449203493,121.93527518416109,0.0,20841.63020324707,15376.200622558594
310,rolling_ols,20,1e-05,2.0,0.5,4.0,30,False,1.5,-0.006130832690667498,99386.91673093326,-0.01604850766290855,-0.19636358594674896,61,549.5101919599914,486.6509308799744,418.342079118598,83.27699999999999,21027.820011138916,20159.1607131958
311,rolling_ols,20,1e-05,2.0,0.5,4.0,30,True,1.5,-0.012973227040797952,98702.6772959202,-0.013134139082487728,-0.691834655488952,18,159.92193813800813,142.8665204402924,124.47457791419883,0.0,20841.63020324707,15376.200622558594
312,rolling_ols,20,1e-05,2.5,0.1,4.0,10,False,1.5,-0.0019915165656484435,99800.84834343515,-0.011597795045683812,-0.07425461751023468,31,279.396514593811,247.86773754158017,274.90928393068697,174.07,20877.640209197998,20237.280715942383
313,rolling_ols,20,1e-05,2.5,0.1,4.0,10,True,1.5,-0.008088586081032245,99191.14139189677,-0.008875985657036622,-0.6781531389214873,5,46.177850422096256,39.837698130416875,57.71388054986196,0.0,20873.949794769287,6690.719560623169
314,rolling_ols,20,1e-05,2.5,0.1,4.0,30,False,1.5,-0.01410881812096998,98589.118187903,-0.01845822144438314,-0.5063687803022102,30,268.56748221738815,238.3818381282806,331.9910095583772,171.76800000000003,20744.800148010254,20107.080711364746
315,rolling_ols,20,1e-05,2.5,0.1,4.0,30,True,1.5,-0.01302184950835683,98697.81504916432,-0.013805332958912397,-0.947219826346186,5,46.099112834625245,39.94994223251343,73.947041550989,0.0,20825.389795303345,6663.839561462402
316,rolling_ols,20,1e-05,2.5,0.5,4.0,10,False,1.5,0.0028318180747068933,100283.1818074707,-0.00784015578290398,0.12069364571561961,31,280.44194200908663,248.52262949409484,212.364756325761,174.858,20734.28986930847,20263.32071685791
317,rolling_ols,20,1e-05,2.5,0.5,4.0,10,True,1.5,-0.008212401505285127,99178.75984947149,-0.00899970279407225,-0.7160599786571381,5,46.17299254749298,39.77894437255859,40.06951701422914,0.0,20623.149871826172,6690.719560623169
318,rolling_ols,20,1e-05,2.5,0.5,4.0,30,False,1.5,0.0008046650899904417,100080.46650899904,-0.007853332118806455,0.036018790362510614,31,279.84281752866735,248.04157768898008,212.72656204605104,174.464,20686.299869537354,20211.240715026855
319,rolling_ols,20,1e-05,2.5,0.5,4.0,30,True,1.5,-0.008212401505285127,99178.75984947149,-0.00899970279407225,-0.7160599786571381,5,46.17299254749298,39.77894437255859,40.06951701422914,0.0,20623.149871826172,6690.719560623169
320,rolling_ols,60,1e-05,1.0,0.1,4.0,10,False,1.5,-0.014104785674144193,98589.52143258558,-0.024552392434386117,-0.3890540546550941,69,610.654111551285,545.4648390701291,702.1730184656432,164.57199999999997,21454.969966888428,15441.440467834473
321,rolling_ols,60,1e-05,1.0,0.1,4.0,10,True,1.5,-0.01219592220610799,98780.4077793892,-0.019599909121724268,-0.38578701911803637,54,475.4115610363963,428.1222441810608,540.9402698245116,65.36699999999999,21270.299854278564,16482.61049079895
322,rolling_ols,60,1e-05,1.0,0.1,4.0,30,False,1.5,-0.0024669367361744854,99753.30632638255,-0.019186868956182046,-0.05678321120880767,47,419.04512314159393,375.67852517776504,806.2882427358229,72.068,22347.060068130493,15653.910455703735
323,rolling_ols,60,1e-05,1.0,0.1,4.0,30,True,1.5,-0.0023862038009628828,99761.37961990372,-0.011905598102380455,-0.06279894135294058,37,329.1967083348084,295.1029246177673,630.1969788639128,83.27700000000003,22998.42002105713,16671.5304813385
324,rolling_ols,60,1e-05,1.0,0.5,4.0,10,False,1.5,-0.008917334326876025,99108.2665673124,-0.022053672918824763,-0.25730154369788477,74,655.6336780439376,587.3447167858127,631.825371308052,128.118,21541.289966583252,15470.810468673706
325,rolling_ols,60,1e-05,1.0,0.5,4.0,10,True,1.5,-0.0006947814385674933,99930.52185614326,-0.013147194587998512,-0.019834648435204282,56,496.24593064338666,446.75449039764425,466.96262705157574,50.89400000000002,21314.86985397339,16600.090494155884
326,rolling_ols,60,1e-05,1.0,0.5,4.0,30,False,1.5,-0.0011163380196246298,99888.36619803753,-0.015451805110353045,-0.0261662782538157,55,488.8347820116613,440.1981712886812,670.5861826924364,160.041,22389.570068359375,15594.810472488403
327,rolling_ols,60,1e-05,1.0,0.5,4.0,30,True,1.5,0.0031732152715726603,100317.32152715726,-0.007479365887998912,0.10257374220088936,41,365.54417486803044,328.58676240730284,506.26503442304397,173.205,23041.58002090454,16635.98049545288
328,rolling_ols,60,1e-05,1.5,0.1,4.0,10,False,1.5,0.002450543927002613,100245.05439270026,-0.012608044016819586,0.08109955506143302,49,438.77192072895053,392.66982350921614,509.045580346722,139.94399999999996,21045.789321899414,16159.420486450195
329,rolling_ols,60,1e-05,1.5,0.1,4.0,10,True,1.5,-0.008403481821126602,99159.65181788734,-0.024514797836283297,-0.3517630081217346,31,275.3088766414071,247.86296078567506,327.0851767780879,66.27000000000001,21670.76996612549,16635.98049545288
330,rolling_ols,60,1e-05,1.5,0.1,4.0,30,False,1.5,-0.0010921207128308241,99890.78792871692,-0.01602275185677149,-0.026096742105067513,33,296.88309674642557,264.7752552589415,622.9468529448312,78.55299999999998,22549.00001525879,16224.49047088623
331,rolling_ols,60,1e-05,1.5,0.1,4.0,30,True,1.5,-0.0008852199367723745,99911.47800632277,-0.016051555962007247,-0.0259471255549254,23,203.76916531934734,185.1892965034485,449.1593044375065,85.05699999999996,22996.71067047119,16826.060485839844
332,rolling_ols,60,1e-05,1.5,0.5,4.0,10,False,1.5,0.004128775633446269,100412.87756334462,-0.01259016888761122,0.14129845271169453,49,439.1307274597167,393.2943197238921,434.08008446392984,102.48399999999998,21086.899320602417,16159.420486450195
333,rolling_ols,60,1e-05,1.5,0.5,4.0,10,True,1.5,-0.004791717003078566,99520.82829969215,-0.02032242036476617,-0.20771904608188688,31,276.0119440691567,248.3677647853851,296.4946749709143,50.922,21670.76996612549,16694.720497131348
334,rolling_ols,60,1e-05,1.5,0.5,4.0,30,False,1.5,0.004796307017761681,100479.63070177617,-0.011265228448952391,0.1500847540372858,35,315.83673881404883,281.94195553398123,498.1498705536827,169.416,22592.1600151062,16188.790487289429
335,rolling_ols,60,1e-05,1.5,0.5,4.0,30,True,1.5,-0.00029151476055722103,99970.84852394428,-0.013684521951281559,-0.006936547189934562,24,213.30060394660947,193.49066265563962,384.2820385549884,174.97199999999998,22996.71067047119,16753.460498809814
336,rolling_ols,60,1e-05,2.0,0.1,4.0,10,False,1.5,-0.012302313767709738,98769.76862322903,-0.021321847653991144,-0.5285484655428322,25,221.44018008863446,200.1167082672119,257.24206132178114,20.10300000000001,22195.649974822998,16041.940483093262
337,rolling_ols,60,1e-05,2.0,0.1,4.0,10,True,1.5,-0.0015059901962645172,99849.40098037355,-0.010473301549154823,-0.08351674548230316,15,135.36229701028824,120.51546668586731,147.14351247635926,9.954999999999984,21670.76996612549,10616.460428237915
338,rolling_ols,60,1e-05,2.0,0.1,4.0,30,False,1.5,-0.007925416745045988,99207.4583254954,-0.018232483413086698,-0.25411639375727857,19,166.8089322164154,152.5498077770233,412.5001437550375,92.87499999999997,22505.90065574646,16165.250469207764
339,rolling_ols,60,1e-05,2.0,0.1,4.0,30,True,1.5,-0.005880952445007859,99411.90475549921,-0.015803764913683516,-0.2456204799150552,13,115.31350896226886,104.58615218887326,248.17212357189229,-89.86,22996.71067047119,10583.220426559448
340,rolling_ols,60,1e-05,2.0,0.5,4.0,10,False,1.5,-0.01161264758355307,98838.7352416447,-0.020639324605494225,-0.5001100616303753,25,221.49985728336333,200.0989582389832,255.46330547348444,20.10300000000001,22195.649974822998,16041.940483093262
341,rolling_ols,60,1e-05,2.0,0.5,4.0,10,True,1.5,-0.0015059901962645172,99849.40098037355,-0.010473301549154823,-0.08351674548230316,15,135.36229701028824,120.51546668586731,147.14351247635926,9.954999999999984,21670.76996612549,10616.460428237915
342,rolling_ols,60,1e-05,2.0,0.5,4.0,30,False,1.5,-0.00657227975611574,99342.77202438843,-0.015300711243264153,-0.22462409406067008,20,175.76226026597973,160.85592807693482,359.9488012455979,168.295,22505.90065574646,16100.680484771729
343,rolling_ols,60,1e-05,2.0,0.5,4.0,30,True,1.5,-0.006281674667285242,99371.83253327147,-0.015020147637534453,-0.28929438223145926,13,115.34408627737045,104.49821626663208,199.34032238764306,9.677999999999997,22996.71067047119,10611.160427093506
344,rolling_ols,60,1e-05,2.5,0.1,4.0,10,False,1.5,-0.0017906277670961535,99820.93722329038,-0.009222203533561402,-0.1135015290259798,11,99.05528296352387,88.18377836494447,111.89912558312611,20.10300000000001,20933.620723724365,9420.450210571289
345,rolling_ols,60,1e-05,2.5,0.1,4.0,10,True,1.5,-0.0024078240770563086,99759.21759229437,-0.006101164992199926,-0.2676965538400827,4,35.110354203186034,31.774240144729617,43.87130211200452,50.89400000000002,20789.330055236816,8475.15018081665
346,rolling_ols,60,1e-05,2.5,0.1,4.0,30,False,1.5,-0.0011460893128623084,99885.39106871377,-0.011338493689925122,-0.045570341132755036,11,99.17713524435042,88.81748022193908,229.53716282005834,-85.35900000000001,23200.230676651,9427.200210571289
347,rolling_ols,60,1e-05,2.5,0.1,4.0,30,True,1.5,-0.0063661606426977935,99363.38393573022,-0.009922166067104277,-0.44237142174371985,4,35.01284632532119,31.874226249313352,105.91343320820424,50.89400000000002,21044.95990753174,8440.700180053711
348,rolling_ols,60,1e-05,2.5,0.5,4.0,10,False,1.5,-0.0019288229112536248,99807.11770887463,-0.009302850809992935,-0.12240859572108606,11,99.05137636177064,88.13462231407166,111.1118401331967,20.10300000000001,20933.620723724365,9420.450210571289
349,rolling_ols,60,1e-05,2.5,0.5,4.0,10,True,1.5,-0.0024078240770563086,99759.21759229437,-0.006101164992199926,-0.2676965538400827,4,35.110354203186034,31.774240144729617,43.87130211200452,50.89400000000002,20789.330055236816,8475.15018081665
350,rolling_ols,60,1e-05,2.5,0.5,4.0,30,False,1.5,-0.0026250813835434483,99737.49186164566,-0.012221155586986221,-0.11995663242892061,11,99.2014212476349,88.66849019508362,180.6504271526597,20.379999999999995,23200.230676651,9427.200210571289
351,rolling_ols,60,1e-05,2.5,0.5,4.0,30,True,1.5,-0.00597666289180776,99402.33371081922,-0.010472647808802749,-0.49729370265663275,4,35.02853511447906,31.681212271118163,78.13015147535765,50.89400000000002,20671.40005493164,8468.40018081665
352,rolling_ols,120,1e-05,1.0,0.1,4.0,10,False,1.5,-0.02971974388823384,97028.02561117662,-0.03845766070776557,-0.8219586512062605,64,564.3700929735567,505.27436072311394,705.2018899911859,-164.85600000000002,21220.159309387207,19195.619955062866
353,rolling_ols,120,1e-05,1.0,0.1,4.0,10,True,1.5,-0.014944610805588066,98505.5389194412,-0.021237653150321667,-0.46594143090351897,51,452.96184179311746,403.905515845871,556.1270347331846,-10.007000000000062,21078.429706573486,18824.81944656372
354,rolling_ols,120,1e-05,1.0,0.1,4.0,30,False,1.5,-0.01639464028603843,98360.53597139615,-0.034620160787659726,-0.4138185586530364,33,294.3518842794227,263.50449468269346,833.8241976917749,-184.26200000000006,21386.47981262207,19728.799690246582
355,rolling_ols,120,1e-05,1.0,0.1,4.0,30,True,1.5,-0.015713246891006616,98428.67531089934,-0.026389028679074222,-0.4319250071884303,26,231.07281314319613,206.3821136592865,707.1596789392964,-37.018,21366.019813537598,19136.259704589844
356,rolling_ols,120,1e-05,1.0,0.5,4.0,10,False,1.5,-0.019646761837077364,98035.32381629226,-0.027714275647609088,-0.5631952747292363,71,626.0116417149544,561.350050929642,660.0381731461831,-143.13600000000008,20877.299686431885,19195.619955062866
357,rolling_ols,120,1e-05,1.0,0.5,4.0,10,True,1.5,-0.017456114048650884,98254.38859513491,-0.022294279328174627,-0.5738434125288686,52,460.72467359127046,410.66981181488035,504.35326308702435,0.9560000000000457,20986.469707489014,18769.7194480896
358,rolling_ols,120,1e-05,1.0,0.5,4.0,30,False,1.5,-0.011437458747898366,98856.25412521017,-0.027350519874422163,-0.3070216144050741,40,354.2401626269341,318.5808170059204,734.2259944917864,-176.78900000000002,21320.43981361389,19695.719690322876
359,rolling_ols,120,1e-05,1.0,0.5,4.0,30,True,1.5,-0.01176887496203416,98823.11250379658,-0.02140221330034875,-0.34158513661887635,29,256.6198925296783,229.61043367424008,603.3981106885626,-27.926000000000016,21320.43981361389,19108.279705047607
360,rolling_ols,120,1e-05,1.5,0.1,4.0,10,False,1.5,-0.0013837651484125413,99861.62348515875,-0.017514238718064123,-0.04337712018326974,41,370.94541673269276,328.2669479068756,476.3681286715156,10.827999999999918,21742.72011947632,19392.359954833984
361,rolling_ols,120,1e-05,1.5,0.1,4.0,10,True,1.5,-0.006755770207397482,99324.42297926026,-0.014155171971132363,-0.3045725113156797,25,221.61344150867464,198.16031571884162,290.6662476125742,-59.65900000000002,21952.079818725586,16931.240406036377
362,rolling_ols,120,1e-05,1.5,0.1,4.0,30,False,1.5,-0.005120200420676846,99487.97995793232,-0.020831944305080063,-0.14139319159464614,23,207.35325102901461,184.3048871543884,665.1673995813863,-147.49400000000009,21876.719816207886,19756.77968978882
363,rolling_ols,120,1e-05,1.5,0.1,4.0,30,True,1.5,-0.0012106451198312662,99878.93548801687,-0.014416204299745883,-0.03609147686765074,17,152.26432853332523,135.77075160789485,492.2796140471682,-108.89400000000003,22063.69981765747,17023.019758224487
364,rolling_ols,120,1e-05,1.5,0.5,4.0,10,False,1.5,0.0010072254497088817,100100.7225449709,-0.017224248289842592,0.03832942670241057,41,370.2346817892836,327.4177401042939,435.6927972498856,10.648999999999987,21697.300119400024,19337.699954986572
365,rolling_ols,120,1e-05,1.5,0.5,4.0,10,True,1.5,-0.005675597019267009,99432.4402980733,-0.014486392605803089,-0.25760446963466266,25,221.5935189161682,198.1429139354707,274.85566960300787,-59.65900000000002,21952.079818725586,16931.240406036377
366,rolling_ols,120,1e-05,1.5,0.5,4.0,30,False,1.5,0.005306515106578535,100530.65151065784,-0.013207924106308777,0.16211228234595726,25,224.50538756504068,199.87654773406985,539.4395530666192,-148.62600000000003,21810.679817199707,19728.799690246582
367,rolling_ols,120,1e-05,1.5,0.5,4.0,30,True,1.5,-0.00041718892763964455,99958.28110723603,-0.013039431326349882,-0.010738042491794648,18,160.26310516517643,143.3503899177551,416.9311539981267,-109.56900000000002,22018.119817733765,17023.019758224487
368,rolling_ols,120,1e-05,2.0,0.1,4.0,10,False,1.5,-0.0077767951982944394,99222.32048017056,-0.011596269369912537,-0.40066168563112825,20,177.7464608315277,158.03182346572873,226.71734206902488,179.878,21474.740118026733,16725.439764022827
369,rolling_ols,120,1e-05,2.0,0.1,4.0,10,True,1.5,-0.01085985920579069,98914.01407942093,-0.01452927192791098,-0.5851593099420771,15,134.9291859592247,118.66716140708924,173.77381941338103,64.79400000000001,20717.779836654663,16455.839769363403
370,rolling_ols,120,1e-05,2.0,0.1,4.0,30,False,1.5,0.002213519559540744,100221.35195595407,-0.009282534259908659,0.08776210962771638,13,116.89927070745469,103.86583779792784,376.9344428801338,196.85999999999999,21699.059818267822,16809.379762649536
371,rolling_ols,120,1e-05,2.0,0.1,4.0,30,True,1.5,-2.3950205632838895e-05,99997.60497943671,-0.013164980951629657,0.0021184273194540413,10,91.6681005705452,80.02605569915771,305.54540485146913,65.08500000000002,21606.659994125366,16511.799768447876
372,rolling_ols,120,1e-05,2.0,0.5,4.0,10,False,1.5,-0.007734564908920327,99226.54350910797,-0.011554126959616995,-0.4008421012792881,20,177.72196525039672,158.10550163688657,220.37553268699116,179.23800000000003,21474.740118026733,16725.439764022827
373,rolling_ols,120,1e-05,2.0,0.5,4.0,10,True,1.5,-0.01085985920579069,98914.01407942093,-0.01452927192791098,-0.5851593099420771,15,134.9291859592247,118.66716140708924,173.77381941338103,64.79400000000001,20717.779836654663,16455.839769363403
374,rolling_ols,120,1e-05,2.0,0.5,4.0,30,False,1.5,7.211230530757007e-05,100007.21123053077,-0.00853974605593677,0.006010762937204791,13,116.73518613870621,103.59573400230408,335.98941822161714,196.459,21699.059818267822,16781.3997631073
375,rolling_ols,120,1e-05,2.0,0.5,4.0,30,True,1.5,-0.003032462686409443,99696.75373135906,-0.011448497442088756,-0.12824160949027041,10,91.60983836488725,79.84798753204345,279.21644167594377,64.80799999999999,21143.64973449707,16511.799768447876
376,rolling_ols,120,1e-05,2.5,0.1,4.0,10,False,1.5,-0.013447860872889628,98655.21391271104,-0.016029136463079574,-0.9375763563008316,9,81.78412380638125,71.47228412704467,105.02946954721942,0.0,20890.779832839966,16697.45976448059
377,rolling_ols,120,1e-05,2.5,0.1,4.0,10,True,1.5,-0.0030000724333945072,99699.99275666055,-0.005012382258305581,-0.3735008692050892,4,35.63659692281723,32.25738623542786,51.64360419061738,0.0,20905.909873962402,16483.81976890564
378,rolling_ols,120,1e-05,2.5,0.1,4.0,30,False,1.5,-0.001619339773184958,99838.06602268151,-0.009751694823913803,-0.07176637110569525,7,64.81428831483841,55.88654010009767,227.75363764258594,0.0,21047.979831695557,16865.33976173401
379,rolling_ols,120,1e-05,2.5,0.1,4.0,30,True,1.5,-0.0032397240352373124,99676.02759647627,-0.005863689070570888,-0.22282045235214143,4,35.66628659706116,31.976616006088257,125.68927455640821,0.0,21003.069873809814,16455.839769363403
380,rolling_ols,120,1e-05,2.5,0.5,4.0,10,False,1.5,-0.013447860872889628,98655.21391271104,-0.016029136463079574,-0.9375763563008316,9,81.78412380638125,71.47228412704467,105.02946954721942,0.0,20890.779832839966,16697.45976448059
381,rolling_ols,120,1e-05,2.5,0.5,4.0,10,True,1.5,-0.0037733227537479763,99622.66772462521,-0.005012382258305581,-0.47608170436657476,4,35.636048510265354,32.26586217231751,50.02018746138272,0.0,20905.909873962402,16483.81976890564
382,rolling_ols,120,1e-05,2.5,0.5,4.0,30,False,1.5,-0.004231257926645027,99576.8742073355,-0.010315964341600425,-0.1965611596469394,7,64.70287934530258,55.78864818305969,218.01637000990564,0.0,21047.979831695557,16809.379762649536
383,rolling_ols,120,1e-05,2.5,0.5,4.0,30,True,1.5,-0.00254778168561709,99745.22183143829,-0.0057864947255136245,-0.17889497357973821,4,35.68306989215851,32.054309883117675,120.15085043193872,0.0,21003.069873809814,16483.81976890564
